QC_RUN_ID,PREP_DATE,PFAS,RGTSPK,RGTSPK_Q,MTXSPK,MTXSPK_Q,MTXSPKD,MTXSPKD_Q
OP75017,5/14/2019,4_2 FTS,97,,88,,,
OP75062,5/16/2019,4_2 FTS,96,,98,,,
OP75150,5/22/2019,4_2 FTS,97,,88,,,
OP75150,5/22/2019,4_2 FTS,97,,88,,,
OP75150,5/22/2019,4_2 FTS,97,,88,,,
OP75171,5/23/2019,4_2 FTS,107,,115,,,
OP75212,5/28/2019,4_2 FTS,121,,124,,,
OP75240,5/29/2019,4_2 FTS,96,,86,,,
OP75296,6/3/2019,4_2 FTS,103,,55,*,50,*
OP75356,6/7/2019,4_2 FTS,100,,92,,,
OP75408,6/11/2019,4_2 FTS,96,,98,,,
OP75416,6/12/2019,4_2 FTS,99,,101,,89,
OP75435,6/13/2019,4_2 FTS,89,,96,,,
OP75528,6/19/2019,4_2 FTS,96,,91,,,
OP75544,6/20/2019,4_2 FTS,98,,92,,,
OP75544,6/20/2019,4_2 FTS,98,,92,,,
OP75555,6/20/2019,4_2 FTS,89,,91,,,
OP75639,6/26/2019,4_2 FTS,100,,89,,,
OP75655,6/26/2019,4_2 FTS,95,,97,,,
OP75699,6/29/2019,4_2 FTS,91,,93,,,
OP75738,7/2/2019,4_2 FTS,98,,,,,
OP75769,7/5/2019,4_2 FTS,100,,87,,,
OP75792,7/8/2019,4_2 FTS,96,,90,,,
OP75844,7/10/2019,4_2 FTS,102,,-8,*,,
OP75862,7/11/2019,4_2 FTS,102,,104,,,
OP75894,7/15/2019,4_2 FTS,100,,99,,,
OP75989,7/19/2019,4_2 FTS,99,,101,,,
OP76027,7/23/2019,4_2 FTS,100,,104,,103,
OP76048,7/25/2019,4_2 FTS,103,,93,,,
OP76062,7/26/2019,4_2 FTS,96,,101,,99,
OP76155,8/1/2019,4_2 FTS,100,,103,,,
OP76226,8/6/2019,4_2 FTS,96,,100,,93,
OP76270,8/8/2019,4_2 FTS,94,,100,,,
OP76335,8/13/2019,4_2 FTS,104,,96,,,
OP76362,8/14/2019,4_2 FTS,104,,108,,,
OP76445,8/20/2019,4_2 FTS,102,,101,,92,
OP76488,8/22/2019,4_2 FTS,115,,109,,,
OP76509,8/23/2019,4_2 FTS,97,,109,,106,
OP76552,8/27/2019,4_2 FTS,115,,115,,,
OP76557,8/27/2019,4_2 FTS,103,,109,,,
OP76557,8/27/2019,4_2 FTS,108,,109,,,
OP76557,8/27/2019,4_2 FTS,97,,109,,,
OP76557,8/27/2019,4_2 FTS,105,,109,,,
OP76557,8/27/2019,4_2 FTS,104,,109,,,
OP76574,8/28/2019,4_2 FTS,92,,94,,95,
OP76674,9/5/2019,4_2 FTS,95,,96,,,
OP76705,9/6/2019,4_2 FTS,101,,,,,
OP76725,9/7/2019,4_2 FTS,91,,99,,,
OP76756,9/10/2019,4_2 FTS,92,,99,,,
OP76774,9/11/2019,4_2 FTS,99,,99,,,
OP76785,9/11/2019,4_2 FTS,101,,104,,,
OP76796,9/12/2019,4_2 FTS,96,,97,,,
OP76840,9/14/2019,4_2 FTS,90,,91,,,
OP76891,9/18/2019,4_2 FTS,97,,91,,,
OP76891,9/18/2019,4_2 FTS,98,,91,,,
OP76891,9/18/2019,4_2 FTS,97,,91,,,
OP76891,9/18/2019,4_2 FTS,98,,91,,,
OP76910,9/19/2019,4_2 FTS,96,,99,,,
OP76916,9/19/2019,4_2 FTS,91,,90,,,
OP76916,9/19/2019,4_2 FTS,91,,90,,,
OP76964,9/24/2019,4_2 FTS,99,,103,,,
OP76968,9/24/2019,4_2 FTS,103,,105,,,
OP77080,10/1/2019,4_2 FTS,105,,105,,,
OP77098,10/2/2019,4_2 FTS,98,,106,,,
OP77131,10/3/2019,4_2 FTS,97,,104,,104,
OP77167,10/5/2019,4_2 FTS,94,,0,*,,
OP77185,10/8/2019,4_2 FTS,98,,103,,,
OP77372,10/22/2019,4_2 FTS,103,,99,,101,
OP77412,10/24/2019,4_2 FTS,85,,90,,,
OP77412,10/24/2019,4_2 FTS,85,,90,,,
OP77603,11/6/2019,4_2 FTS,98,,101,,,
OP77751,11/19/2019,4_2 FTS,90,,98,,,
OP77769,11/19/2019,4_2 FTS,94,,98,,,
OP77971,12/4/2019,4_2 FTS,96,,98,,,
OP77987,12/5/2019,4_2 FTS,96,,99,,106,
OP78102,12/12/2019,4_2 FTS,95,,,,,
OP78113,12/12/2019,4_2 FTS,94,,101,,,
OP78208,12/18/2019,4_2 FTS,102,,,,,
OP79239,3/4/2020,4_2 FTS,103,,101,,,
OP79312,3/9/2020,4_2 FTS,104,,105,,,
OP79327,3/10/2020,4_2 FTS,96,,96,,,
OP79535,3/25/2020,4_2 FTS,97,,99,,,
OP81003,7/9/2020,4_2 FTS,110,,114,,,
OP81064,7/14/2020,4_2 FTS,112,,117,,120,
OP81102,7/16/2020,4_2 FTS,99,,96,,,
OP81172,7/21/2020,4_2 FTS,96,,97,,,
OP81177,7/21/2020,4_2 FTS,97,,100,,,
OP81187,7/22/2020,4_2 FTS,94,,92,,,
OP81221,7/24/2020,4_2 FTS,103,,99,,,
OP81402,8/4/2020,4_2 FTS,109,,110,,111,
OP81420,8/5/2020,4_2 FTS,100,,100,,,
OP81424,8/5/2020,4_2 FTS,97,,96,,94,
OP81586,8/17/2020,4_2 FTS,91,,86,,,
OP81601,8/18/2020,4_2 FTS,97,,96,,,
OP81728,8/25/2020,4_2 FTS,97,,99,,,
OP81836,9/1/2020,4_2 FTS,106,,104,,,
OP81836,9/1/2020,4_2 FTS,106,,104,,,
OP81970,9/11/2020,4_2 FTS,95,,104,,,
OP81979,9/11/2020,4_2 FTS,105,,108,,,
OP82061,9/17/2020,4_2 FTS,115,,115,,,
OP82061,9/17/2020,4_2 FTS,100,,115,,,
OP82061,9/17/2020,4_2 FTS,115,,115,,,
OP82061,9/17/2020,4_2 FTS,100,,115,,,
OP82229,9/29/2020,4_2 FTS,92,,94,,,
OP75017,5/14/2019,6_2 FTS,98,,90,,,
OP75062,5/16/2019,6_2 FTS,98,,102,,,
OP75150,5/22/2019,6_2 FTS,101,,92,,,
OP75150,5/22/2019,6_2 FTS,101,,92,,,
OP75150,5/22/2019,6_2 FTS,101,,92,,,
OP75171,5/23/2019,6_2 FTS,97,,104,,,
OP75212,5/28/2019,6_2 FTS,111,,114,,,
OP75240,5/29/2019,6_2 FTS,93,,85,,,
OP75296,6/3/2019,6_2 FTS,101,,53,*,51,*
OP75356,6/7/2019,6_2 FTS,99,,91,,,
OP75408,6/11/2019,6_2 FTS,98,,98,,,
OP75416,6/12/2019,6_2 FTS,99,,100,,91,
OP75435,6/13/2019,6_2 FTS,92,,96,,,
OP75528,6/19/2019,6_2 FTS,100,,92,,,
OP75544,6/20/2019,6_2 FTS,96,,90,,,
OP75544,6/20/2019,6_2 FTS,96,,90,,,
OP75555,6/20/2019,6_2 FTS,90,,93,,,
OP75639,6/26/2019,6_2 FTS,96,,88,,,
OP75655,6/26/2019,6_2 FTS,98,,98,,,
OP75699,6/29/2019,6_2 FTS,90,,93,,,
OP75738,7/2/2019,6_2 FTS,98,,,,,
OP75769,7/5/2019,6_2 FTS,99,,88,,,
OP75792,7/8/2019,6_2 FTS,97,,90,,,
OP75844,7/10/2019,6_2 FTS,102,,-2145,*,,
OP75862,7/11/2019,6_2 FTS,102,,101,,,
OP75894,7/15/2019,6_2 FTS,98,,100,,,
OP75989,7/19/2019,6_2 FTS,97,,100,,,
OP76027,7/23/2019,6_2 FTS,97,,102,,100,
OP76048,7/25/2019,6_2 FTS,100,,92,,,
OP76062,7/26/2019,6_2 FTS,98,,104,,101,
OP76155,8/1/2019,6_2 FTS,100,,104,,,
OP76226,8/6/2019,6_2 FTS,98,,101,,94,
OP76270,8/8/2019,6_2 FTS,95,,100,,,
OP76335,8/13/2019,6_2 FTS,104,,97,,,
OP76362,8/14/2019,6_2 FTS,104,,107,,,
OP76445,8/20/2019,6_2 FTS,101,,101,,93,
OP76488,8/22/2019,6_2 FTS,113,,108,,,
OP76509,8/23/2019,6_2 FTS,96,,108,,106,
OP76552,8/27/2019,6_2 FTS,112,,113,,,
OP76557,8/27/2019,6_2 FTS,103,,107,,,
OP76557,8/27/2019,6_2 FTS,94,,107,,,
OP76557,8/27/2019,6_2 FTS,100,,107,,,
OP76557,8/27/2019,6_2 FTS,104,,107,,,
OP76557,8/27/2019,6_2 FTS,107,,107,,,
OP76574,8/28/2019,6_2 FTS,89,,92,,94,
OP76674,9/5/2019,6_2 FTS,94,,97,,,
OP76705,9/6/2019,6_2 FTS,99,,,,,
OP76725,9/7/2019,6_2 FTS,91,,95,,,
OP76756,9/10/2019,6_2 FTS,90,,101,,,
OP76774,9/11/2019,6_2 FTS,99,,99,,,
OP76785,9/11/2019,6_2 FTS,101,,104,,,
OP76796,9/12/2019,6_2 FTS,95,,94,,,
OP76840,9/14/2019,6_2 FTS,91,,91,,,
OP76891,9/18/2019,6_2 FTS,98,,1875,*,,
OP76891,9/18/2019,6_2 FTS,98,,1875,*,,
OP76891,9/18/2019,6_2 FTS,98,,1875,*,,
OP76891,9/18/2019,6_2 FTS,98,,1875,*,,
OP76910,9/19/2019,6_2 FTS,96,,96,,,
OP76916,9/19/2019,6_2 FTS,89,,90,,,
OP76916,9/19/2019,6_2 FTS,89,,90,,,
OP76964,9/24/2019,6_2 FTS,98,,102,,,
OP76968,9/24/2019,6_2 FTS,103,,104,,,
OP77080,10/1/2019,6_2 FTS,102,,102,,,
OP77098,10/2/2019,6_2 FTS,94,,102,,,
OP77131,10/3/2019,6_2 FTS,93,,99,,100,
OP77167,10/5/2019,6_2 FTS,92,,-3938,*,,
OP77185,10/8/2019,6_2 FTS,99,,104,,,
OP77372,10/22/2019,6_2 FTS,101,,98,,98,
OP77412,10/24/2019,6_2 FTS,85,,90,,,
OP77412,10/24/2019,6_2 FTS,85,,90,,,
OP77603,11/6/2019,6_2 FTS,96,,101,,,
OP77751,11/19/2019,6_2 FTS,88,,96,,,
OP77769,11/19/2019,6_2 FTS,91,,96,,,
OP77971,12/4/2019,6_2 FTS,95,,98,,,
OP77987,12/5/2019,6_2 FTS,97,,99,,106,
OP78102,12/12/2019,6_2 FTS,94,,,,,
OP78113,12/12/2019,6_2 FTS,94,,101,,,
OP78208,12/18/2019,6_2 FTS,102,,,,,
OP79239,3/4/2020,6_2 FTS,103,,103,,,
OP79312,3/9/2020,6_2 FTS,105,,106,,,
OP79327,3/10/2020,6_2 FTS,97,,98,,,
OP79535,3/25/2020,6_2 FTS,97,,102,,,
OP81003,7/9/2020,6_2 FTS,100,,101,,,
OP81064,7/14/2020,6_2 FTS,104,,108,,111,
OP81102,7/16/2020,6_2 FTS,98,,98,,,
OP81172,7/21/2020,6_2 FTS,95,,97,,,
OP81177,7/21/2020,6_2 FTS,96,,98,,,
OP81187,7/22/2020,6_2 FTS,93,,92,,,
OP81221,7/24/2020,6_2 FTS,102,,99,,,
OP81402,8/4/2020,6_2 FTS,99,,101,,102,
OP81420,8/5/2020,6_2 FTS,97,,102,,,
OP81424,8/5/2020,6_2 FTS,97,,92,,92,
OP81586,8/17/2020,6_2 FTS,90,,86,,,
OP81601,8/18/2020,6_2 FTS,97,,97,,,
OP81728,8/25/2020,6_2 FTS,95,,96,,,
OP81836,9/1/2020,6_2 FTS,107,,105,,,
OP81836,9/1/2020,6_2 FTS,107,,105,,,
OP81970,9/11/2020,6_2 FTS,98,,107,,,
OP81979,9/11/2020,6_2 FTS,108,,113,,,
OP82061,9/17/2020,6_2 FTS,103,,117,,,
OP82061,9/17/2020,6_2 FTS,118,,117,,,
OP82061,9/17/2020,6_2 FTS,118,,117,,,
OP82061,9/17/2020,6_2 FTS,103,,117,,,
OP82229,9/29/2020,6_2 FTS,94,,94,,,
OP75017,5/14/2019,8_2 FTS,100,,92,,,
OP75062,5/16/2019,8_2 FTS,101,,110,,,
OP75150,5/22/2019,8_2 FTS,107,,92,,,
OP75150,5/22/2019,8_2 FTS,107,,92,,,
OP75150,5/22/2019,8_2 FTS,107,,92,,,
OP75171,5/23/2019,8_2 FTS,95,,103,,,
OP75212,5/28/2019,8_2 FTS,111,,113,,,
OP75240,5/29/2019,8_2 FTS,97,,88,,,
OP75296,6/3/2019,8_2 FTS,101,,53,*,48,*
OP75356,6/7/2019,8_2 FTS,103,,91,,,
OP75408,6/11/2019,8_2 FTS,97,,105,,,
OP75416,6/12/2019,8_2 FTS,101,,102,,94,
OP75435,6/13/2019,8_2 FTS,89,,94,,,
OP75528,6/19/2019,8_2 FTS,101,,93,,,
OP75544,6/20/2019,8_2 FTS,102,,97,,,
OP75544,6/20/2019,8_2 FTS,102,,97,,,
OP75555,6/20/2019,8_2 FTS,94,,100,,,
OP75639,6/26/2019,8_2 FTS,104,,96,,,
OP75655,6/26/2019,8_2 FTS,104,,110,,,
OP75699,6/29/2019,8_2 FTS,99,,99,,,
OP75738,7/2/2019,8_2 FTS,102,,,,,
OP75769,7/5/2019,8_2 FTS,103,,92,,,
OP75792,7/8/2019,8_2 FTS,100,,94,,,
OP75844,7/10/2019,8_2 FTS,106,,-1625,*,,
OP75862,7/11/2019,8_2 FTS,109,,108,,,
OP75894,7/15/2019,8_2 FTS,102,,104,,,
OP75989,7/19/2019,8_2 FTS,97,,100,,,
OP76027,7/23/2019,8_2 FTS,107,,117,,120,
OP76048,7/25/2019,8_2 FTS,103,,87,,,
OP76062,7/26/2019,8_2 FTS,101,,109,,103,
OP76155,8/1/2019,8_2 FTS,109,,107,,,
OP76226,8/6/2019,8_2 FTS,101,,103,,96,
OP76270,8/8/2019,8_2 FTS,95,,102,,,
OP76335,8/13/2019,8_2 FTS,103,,95,,,
OP76362,8/14/2019,8_2 FTS,106,,111,,,
OP76445,8/20/2019,8_2 FTS,101,,104,,96,
OP76488,8/22/2019,8_2 FTS,112,,106,,,
OP76509,8/23/2019,8_2 FTS,95,,109,,105,
OP76552,8/27/2019,8_2 FTS,113,,111,,,
OP76557,8/27/2019,8_2 FTS,100,,107,,,
OP76557,8/27/2019,8_2 FTS,94,,107,,,
OP76557,8/27/2019,8_2 FTS,101,,107,,,
OP76557,8/27/2019,8_2 FTS,100,,107,,,
OP76557,8/27/2019,8_2 FTS,106,,107,,,
OP76574,8/28/2019,8_2 FTS,89,,96,,96,
OP76674,9/5/2019,8_2 FTS,94,,96,,,
OP76705,9/6/2019,8_2 FTS,101,,,,,
OP76725,9/7/2019,8_2 FTS,94,,104,,,
OP76756,9/10/2019,8_2 FTS,93,,106,,,
OP76774,9/11/2019,8_2 FTS,102,,102,,,
OP76785,9/11/2019,8_2 FTS,105,,107,,,
OP76796,9/12/2019,8_2 FTS,95,,95,,,
OP76840,9/14/2019,8_2 FTS,91,,92,,,
OP76891,9/18/2019,8_2 FTS,101,,86,,,
OP76891,9/18/2019,8_2 FTS,99,,86,,,
OP76891,9/18/2019,8_2 FTS,101,,86,,,
OP76891,9/18/2019,8_2 FTS,99,,86,,,
OP76910,9/19/2019,8_2 FTS,96,,99,,,
OP76916,9/19/2019,8_2 FTS,91,,91,,,
OP76916,9/19/2019,8_2 FTS,91,,91,,,
OP76964,9/24/2019,8_2 FTS,99,,103,,,
OP76968,9/24/2019,8_2 FTS,105,,106,,,
OP77080,10/1/2019,8_2 FTS,104,,106,,,
OP77098,10/2/2019,8_2 FTS,97,,104,,,
OP77131,10/3/2019,8_2 FTS,96,,101,,102,
OP77167,10/5/2019,8_2 FTS,94,,-438,*,,
OP77185,10/8/2019,8_2 FTS,99,,102,,,
OP77372,10/22/2019,8_2 FTS,96,,94,,96,
OP77412,10/24/2019,8_2 FTS,82,,88,,,
OP77412,10/24/2019,8_2 FTS,82,,88,,,
OP77603,11/6/2019,8_2 FTS,94,,98,,,
OP77751,11/19/2019,8_2 FTS,87,,95,,,
OP77769,11/19/2019,8_2 FTS,90,,95,,,
OP77971,12/4/2019,8_2 FTS,98,,98,,,
OP77987,12/5/2019,8_2 FTS,97,,100,,106,
OP78102,12/12/2019,8_2 FTS,96,,,,,
OP78113,12/12/2019,8_2 FTS,94,,101,,,
OP78208,12/18/2019,8_2 FTS,104,,,,,
OP79239,3/4/2020,8_2 FTS,102,,100,,,
OP79312,3/9/2020,8_2 FTS,103,,107,,,
OP79327,3/10/2020,8_2 FTS,95,,95,,,
OP79535,3/25/2020,8_2 FTS,98,,98,,,
OP81003,7/9/2020,8_2 FTS,109,,113,,,
OP81064,7/14/2020,8_2 FTS,120,,124,,128,
OP81102,7/16/2020,8_2 FTS,97,,96,,,
OP81172,7/21/2020,8_2 FTS,98,,99,,,
OP81177,7/21/2020,8_2 FTS,97,,98,,,
OP81187,7/22/2020,8_2 FTS,96,,94,,,
OP81221,7/24/2020,8_2 FTS,104,,101,,,
OP81402,8/4/2020,8_2 FTS,111,,113,,115,
OP81420,8/5/2020,8_2 FTS,102,,102,,,
OP81424,8/5/2020,8_2 FTS,96,,93,,93,
OP81586,8/17/2020,8_2 FTS,91,,88,,,
OP81601,8/18/2020,8_2 FTS,96,,98,,,
OP81728,8/25/2020,8_2 FTS,92,,97,,,
OP81836,9/1/2020,8_2 FTS,105,,105,,,
OP81836,9/1/2020,8_2 FTS,105,,105,,,
OP81970,9/11/2020,8_2 FTS,97,,110,,,
OP81979,9/11/2020,8_2 FTS,109,,112,,,
OP82061,9/17/2020,8_2 FTS,102,,119,,,
OP82061,9/17/2020,8_2 FTS,121,,119,,,
OP82061,9/17/2020,8_2 FTS,121,,119,,,
OP82061,9/17/2020,8_2 FTS,102,,119,,,
OP82229,9/29/2020,8_2 FTS,96,,98,,,
OP75017,5/14/2019,N-EtFOSAA,87,,74,,,
OP75062,5/16/2019,N-EtFOSAA,88,,91,,,
OP75150,5/22/2019,N-EtFOSAA,85,,74,,,
OP75150,5/22/2019,N-EtFOSAA,85,,74,,,
OP75150,5/22/2019,N-EtFOSAA,85,,74,,,
OP75171,5/23/2019,N-EtFOSAA,92,,87,,,
OP75212,5/28/2019,N-EtFOSAA,107,,103,,,
OP75240,5/29/2019,N-EtFOSAA,86,,57,*,,
OP75296,6/3/2019,N-EtFOSAA,93,,53,*,46,*
OP75356,6/7/2019,N-EtFOSAA,89,,84,,,
OP75408,6/11/2019,N-EtFOSAA,86,,86,,,
OP75416,6/12/2019,N-EtFOSAA,96,,95,,86,
OP75435,6/13/2019,N-EtFOSAA,77,,82,,,
OP75528,6/19/2019,N-EtFOSAA,91,,84,,,
OP75544,6/20/2019,N-EtFOSAA,87,,87,,,
OP75544,6/20/2019,N-EtFOSAA,87,,87,,,
OP75555,6/20/2019,N-EtFOSAA,87,,85,,,
OP75639,6/26/2019,N-EtFOSAA,96,,87,,,
OP75655,6/26/2019,N-EtFOSAA,92,,107,,,
OP75699,6/29/2019,N-EtFOSAA,89,,93,,,
OP75738,7/2/2019,N-EtFOSAA,88,,,,,
OP75769,7/5/2019,N-EtFOSAA,87,,79,,,
OP75792,7/8/2019,N-EtFOSAA,80,,73,,,
OP75844,7/10/2019,N-EtFOSAA,100,,0,*,,
OP75862,7/11/2019,N-EtFOSAA,96,,95,,,
OP75894,7/15/2019,N-EtFOSAA,97,,104,,,
OP75989,7/19/2019,N-EtFOSAA,91,,89,,,
OP76027,7/23/2019,N-EtFOSAA,102,,120,,128,
OP76048,7/25/2019,N-EtFOSAA,83,,73,,,
OP76062,7/26/2019,N-EtFOSAA,96,,109,,104,
OP76155,8/1/2019,N-EtFOSAA,104,,91,,,
OP76226,8/6/2019,N-EtFOSAA,86,,88,,84,
OP76270,8/8/2019,N-EtFOSAA,88,,102,,,
OP76335,8/13/2019,N-EtFOSAA,95,,91,,,
OP76362,8/14/2019,N-EtFOSAA,97,,102,,,
OP76445,8/20/2019,N-EtFOSAA,88,,89,,76,
OP76488,8/22/2019,N-EtFOSAA,108,,104,,,
OP76509,8/23/2019,N-EtFOSAA,93,,108,,93,
OP76552,8/27/2019,N-EtFOSAA,109,,107,,,
OP76557,8/27/2019,N-EtFOSAA,98,,102,,,
OP76557,8/27/2019,N-EtFOSAA,89,,102,,,
OP76557,8/27/2019,N-EtFOSAA,93,,102,,,
OP76557,8/27/2019,N-EtFOSAA,101,,102,,,
OP76557,8/27/2019,N-EtFOSAA,93,,102,,,
OP76574,8/28/2019,N-EtFOSAA,85,,96,,99,
OP76674,9/5/2019,N-EtFOSAA,96,,106,,,
OP76705,9/6/2019,N-EtFOSAA,103,,,,,
OP76725,9/7/2019,N-EtFOSAA,82,,96,,,
OP76756,9/10/2019,N-EtFOSAA,82,,100,,,
OP76774,9/11/2019,N-EtFOSAA,96,,95,,,
OP76785,9/11/2019,N-EtFOSAA,97,,99,,,
OP76796,9/12/2019,N-EtFOSAA,98,,98,,,
OP76840,9/14/2019,N-EtFOSAA,94,,92,,,
OP76891,9/18/2019,N-EtFOSAA,98,,0,*,,
OP76891,9/18/2019,N-EtFOSAA,98,,0,*,,
OP76891,9/18/2019,N-EtFOSAA,93,,0,*,,
OP76891,9/18/2019,N-EtFOSAA,93,,0,*,,
OP76910,9/19/2019,N-EtFOSAA,98,,106,,,
OP76916,9/19/2019,N-EtFOSAA,89,,92,,,
OP76916,9/19/2019,N-EtFOSAA,89,,92,,,
OP76964,9/24/2019,N-EtFOSAA,107,,108,,,
OP76968,9/24/2019,N-EtFOSAA,101,,102,,,
OP77080,10/1/2019,N-EtFOSAA,106,,103,,,
OP77098,10/2/2019,N-EtFOSAA,95,,106,,,
OP77131,10/3/2019,N-EtFOSAA,94,,102,,107,
OP77167,10/5/2019,N-EtFOSAA,95,,0,*,,
OP77185,10/8/2019,N-EtFOSAA,91,,91,,,
OP77372,10/22/2019,N-EtFOSAA,104,,104,,106,
OP77412,10/24/2019,N-EtFOSAA,91,,90,,,
OP77412,10/24/2019,N-EtFOSAA,91,,90,,,
OP77603,11/6/2019,N-EtFOSAA,93,,101,,,
OP77751,11/19/2019,N-EtFOSAA,98,,107,,,
OP77769,11/19/2019,N-EtFOSAA,102,,109,,,
OP77971,12/4/2019,N-EtFOSAA,95,,92,,,
OP77987,12/5/2019,N-EtFOSAA,88,,92,,111,
OP78102,12/12/2019,N-EtFOSAA,93,,,,,
OP78113,12/12/2019,N-EtFOSAA,93,,98,,,
OP78208,12/18/2019,N-EtFOSAA,92,,,,,
OP79239,3/4/2020,N-EtFOSAA,93,,101,,,
OP79312,3/9/2020,N-EtFOSAA,91,,95,,,
OP79327,3/10/2020,N-EtFOSAA,85,,90,,,
OP79535,3/25/2020,N-EtFOSAA,95,,95,,,
OP81003,7/9/2020,N-EtFOSAA,94,,101,,,
OP81064,7/14/2020,N-EtFOSAA,108,,98,,104,
OP81102,7/16/2020,N-EtFOSAA,98,,96,,,
OP81172,7/21/2020,N-EtFOSAA,94,,98,,,
OP81177,7/21/2020,N-EtFOSAA,94,,93,,,
OP81187,7/22/2020,N-EtFOSAA,97,,95,,,
OP81221,7/24/2020,N-EtFOSAA,102,,102,,,
OP81402,8/4/2020,N-EtFOSAA,92,,99,,98,
OP81420,8/5/2020,N-EtFOSAA,97,,101,,,
OP81424,8/5/2020,N-EtFOSAA,93,,90,,88,
OP81586,8/17/2020,N-EtFOSAA,87,,86,,,
OP81601,8/18/2020,N-EtFOSAA,88,,91,,,
OP81728,8/25/2020,N-EtFOSAA,93,,95,,,
OP81836,9/1/2020,N-EtFOSAA,100,,99,,,
OP81836,9/1/2020,N-EtFOSAA,100,,99,,,
OP81970,9/11/2020,N-EtFOSAA,86,,97,,,
OP81979,9/11/2020,N-EtFOSAA,106,,107,,,
OP82061,9/17/2020,N-EtFOSAA,103,,103,,,
OP82061,9/17/2020,N-EtFOSAA,103,,103,,,
OP82061,9/17/2020,N-EtFOSAA,103,,103,,,
OP82061,9/17/2020,N-EtFOSAA,103,,103,,,
OP82229,9/29/2020,N-EtFOSAA,89,,91,,,
OP75017,5/14/2019,N-MeFOSAA,103,,92,,,
OP75062,5/16/2019,N-MeFOSAA,98,,100,,,
OP75150,5/22/2019,N-MeFOSAA,99,,83,,,
OP75150,5/22/2019,N-MeFOSAA,99,,83,,,
OP75150,5/22/2019,N-MeFOSAA,99,,83,,,
OP75171,5/23/2019,N-MeFOSAA,100,,104,,,
OP75212,5/28/2019,N-MeFOSAA,115,,117,,,
OP75240,5/29/2019,N-MeFOSAA,96,,81,,,
OP75296,6/3/2019,N-MeFOSAA,101,,56,*,47,*
OP75356,6/7/2019,N-MeFOSAA,93,,90,,,
OP75408,6/11/2019,N-MeFOSAA,94,,102,,,
OP75416,6/12/2019,N-MeFOSAA,99,,98,,88,
OP75435,6/13/2019,N-MeFOSAA,89,,96,,,
OP75528,6/19/2019,N-MeFOSAA,97,,84,,,
OP75544,6/20/2019,N-MeFOSAA,100,,92,,,
OP75544,6/20/2019,N-MeFOSAA,100,,92,,,
OP75555,6/20/2019,N-MeFOSAA,89,,96,,,
OP75639,6/26/2019,N-MeFOSAA,101,,92,,,
OP75655,6/26/2019,N-MeFOSAA,109,,110,,,
OP75699,6/29/2019,N-MeFOSAA,95,,95,,,
OP75738,7/2/2019,N-MeFOSAA,98,,,,,
OP75769,7/5/2019,N-MeFOSAA,104,,94,,,
OP75792,7/8/2019,N-MeFOSAA,102,,91,,,
OP75844,7/10/2019,N-MeFOSAA,98,,0,*,,
OP75862,7/11/2019,N-MeFOSAA,104,,98,,,
OP75894,7/15/2019,N-MeFOSAA,101,,103,,,
OP75989,7/19/2019,N-MeFOSAA,103,,103,,,
OP76027,7/23/2019,N-MeFOSAA,107,,119,,131,*
OP76048,7/25/2019,N-MeFOSAA,100,,87,,,
OP76062,7/26/2019,N-MeFOSAA,99,,108,,106,
OP76155,8/1/2019,N-MeFOSAA,117,,113,,,
OP76226,8/6/2019,N-MeFOSAA,100,,103,,98,
OP76270,8/8/2019,N-MeFOSAA,100,,114,,,
OP76335,8/13/2019,N-MeFOSAA,109,,99,,,
OP76362,8/14/2019,N-MeFOSAA,102,,108,,,
OP76445,8/20/2019,N-MeFOSAA,104,,103,,95,
OP76488,8/22/2019,N-MeFOSAA,113,,108,,,
OP76509,8/23/2019,N-MeFOSAA,92,,108,,101,
OP76552,8/27/2019,N-MeFOSAA,110,,113,,,
OP76557,8/27/2019,N-MeFOSAA,99,,109,,,
OP76557,8/27/2019,N-MeFOSAA,102,,109,,,
OP76557,8/27/2019,N-MeFOSAA,101,,109,,,
OP76557,8/27/2019,N-MeFOSAA,93,,109,,,
OP76557,8/27/2019,N-MeFOSAA,102,,109,,,
OP76574,8/28/2019,N-MeFOSAA,90,,101,,100,
OP76674,9/5/2019,N-MeFOSAA,97,,100,,,
OP76705,9/6/2019,N-MeFOSAA,104,,,,,
OP76725,9/7/2019,N-MeFOSAA,90,,100,,,
OP76756,9/10/2019,N-MeFOSAA,89,,104,,,
OP76774,9/11/2019,N-MeFOSAA,99,,100,,,
OP76785,9/11/2019,N-MeFOSAA,101,,105,,,
OP76796,9/12/2019,N-MeFOSAA,98,,100,,,
OP76840,9/14/2019,N-MeFOSAA,90,,91,,,
OP76891,9/18/2019,N-MeFOSAA,103,,0,*,,
OP76891,9/18/2019,N-MeFOSAA,100,,0,*,,
OP76891,9/18/2019,N-MeFOSAA,103,,0,*,,
OP76891,9/18/2019,N-MeFOSAA,100,,0,*,,
OP76910,9/19/2019,N-MeFOSAA,94,,100,,,
OP76916,9/19/2019,N-MeFOSAA,91,,93,,,
OP76916,9/19/2019,N-MeFOSAA,91,,93,,,
OP76964,9/24/2019,N-MeFOSAA,98,,103,,,
OP76968,9/24/2019,N-MeFOSAA,107,,109,,,
OP77080,10/1/2019,N-MeFOSAA,109,,110,,,
OP77098,10/2/2019,N-MeFOSAA,99,,109,,,
OP77131,10/3/2019,N-MeFOSAA,98,,106,,104,
OP77167,10/5/2019,N-MeFOSAA,93,,0,*,,
OP77185,10/8/2019,N-MeFOSAA,90,,94,,,
OP77372,10/22/2019,N-MeFOSAA,96,,97,,103,
OP77412,10/24/2019,N-MeFOSAA,86,,91,,,
OP77412,10/24/2019,N-MeFOSAA,86,,91,,,
OP77603,11/6/2019,N-MeFOSAA,103,,107,,,
OP77751,11/19/2019,N-MeFOSAA,92,,99,,,
OP77769,11/19/2019,N-MeFOSAA,92,,102,,,
OP77971,12/4/2019,N-MeFOSAA,93,,95,,,
OP77987,12/5/2019,N-MeFOSAA,92,,95,,113,
OP78102,12/12/2019,N-MeFOSAA,93,,,,,
OP78113,12/12/2019,N-MeFOSAA,94,,101,,,
OP78208,12/18/2019,N-MeFOSAA,103,,,,,
OP79239,3/4/2020,N-MeFOSAA,102,,108,,,
OP79312,3/9/2020,N-MeFOSAA,103,,103,,,
OP79327,3/10/2020,N-MeFOSAA,97,,100,,,
OP79535,3/25/2020,N-MeFOSAA,98,,101,,,
OP81003,7/9/2020,N-MeFOSAA,111,,117,,,
OP81064,7/14/2020,N-MeFOSAA,114,,119,,126,
OP81102,7/16/2020,N-MeFOSAA,97,,98,,,
OP81172,7/21/2020,N-MeFOSAA,97,,100,,,
OP81177,7/21/2020,N-MeFOSAA,98,,97,,,
OP81187,7/22/2020,N-MeFOSAA,97,,95,,,
OP81221,7/24/2020,N-MeFOSAA,105,,104,,,
OP81402,8/4/2020,N-MeFOSAA,100,,103,,104,
OP81420,8/5/2020,N-MeFOSAA,100,,103,,,
OP81424,8/5/2020,N-MeFOSAA,99,,94,,94,
OP81586,8/17/2020,N-MeFOSAA,87,,83,,,
OP81601,8/18/2020,N-MeFOSAA,97,,100,,,
OP81728,8/25/2020,N-MeFOSAA,93,,97,,,
OP81836,9/1/2020,N-MeFOSAA,102,,99,,,
OP81836,9/1/2020,N-MeFOSAA,102,,99,,,
OP81970,9/11/2020,N-MeFOSAA,85,,106,,,
OP81979,9/11/2020,N-MeFOSAA,103,,106,,,
OP82061,9/17/2020,N-MeFOSAA,102,,98,,,
OP82061,9/17/2020,N-MeFOSAA,95,,98,,,
OP82061,9/17/2020,N-MeFOSAA,102,,98,,,
OP82061,9/17/2020,N-MeFOSAA,95,,98,,,
OP82229,9/29/2020,N-MeFOSAA,97,,96,,,
OP75017,5/14/2019,PFBS,105,,96,,,
OP75062,5/16/2019,PFBS,103,,105,,,
OP75150,5/22/2019,PFBS,103,,94,,,
OP75150,5/22/2019,PFBS,103,,94,,,
OP75150,5/22/2019,PFBS,103,,94,,,
OP75171,5/23/2019,PFBS,98,,107,,,
OP75212,5/28/2019,PFBS,115,,117,,,
OP75240,5/29/2019,PFBS,90,,81,,,
OP75296,6/3/2019,PFBS,100,,56,*,48,*
OP75356,6/7/2019,PFBS,96,,89,,,
OP75408,6/11/2019,PFBS,92,,93,,,
OP75416,6/12/2019,PFBS,95,,99,,87,
OP75435,6/13/2019,PFBS,94,,100,,,
OP75528,6/19/2019,PFBS,99,,93,,,
OP75544,6/20/2019,PFBS,99,,93,,,
OP75544,6/20/2019,PFBS,99,,93,,,
OP75555,6/20/2019,PFBS,89,,94,,,
OP75639,6/26/2019,PFBS,99,,92,,,
OP75655,6/26/2019,PFBS,95,,96,,,
OP75699,6/29/2019,PFBS,91,,95,,,
OP75738,7/2/2019,PFBS,100,,,,,
OP75769,7/5/2019,PFBS,106,,94,,,
OP75792,7/8/2019,PFBS,102,,95,,,
OP75844,7/10/2019,PFBS,100,,144,*,,
OP75862,7/11/2019,PFBS,102,,98,,,
OP75894,7/15/2019,PFBS,96,,38,*,,
OP75989,7/19/2019,PFBS,97,,102,,,
OP76027,7/23/2019,PFBS,97,,102,,100,
OP76048,7/25/2019,PFBS,102,,92,,,
OP76062,7/26/2019,PFBS,98,,102,,101,
OP76155,8/1/2019,PFBS,104,,109,,,
OP76226,8/6/2019,PFBS,101,,106,,97,
OP76270,8/8/2019,PFBS,95,,99,,,
OP76335,8/13/2019,PFBS,106,,97,,,
OP76362,8/14/2019,PFBS,102,,108,,,
OP76445,8/20/2019,PFBS,104,,103,,93,
OP76488,8/22/2019,PFBS,112,,108,,,
OP76509,8/23/2019,PFBS,94,,109,,106,
OP76552,8/27/2019,PFBS,113,,115,,,
OP76557,8/27/2019,PFBS,95,,107,,,
OP76557,8/27/2019,PFBS,105,,107,,,
OP76557,8/27/2019,PFBS,101,,107,,,
OP76557,8/27/2019,PFBS,106,,107,,,
OP76557,8/27/2019,PFBS,103,,107,,,
OP76574,8/28/2019,PFBS,93,,95,,97,
OP76674,9/5/2019,PFBS,96,,100,,,
OP76705,9/6/2019,PFBS,101,,,,,
OP76725,9/7/2019,PFBS,89,,98,,,
OP76756,9/10/2019,PFBS,92,,100,,,
OP76774,9/11/2019,PFBS,99,,100,,,
OP76785,9/11/2019,PFBS,100,,103,,,
OP76796,9/12/2019,PFBS,96,,97,,,
OP76840,9/14/2019,PFBS,87,,91,,,
OP76891,9/18/2019,PFBS,101,,94,,,
OP76891,9/18/2019,PFBS,101,,94,,,
OP76891,9/18/2019,PFBS,101,,94,,,
OP76891,9/18/2019,PFBS,101,,94,,,
OP76910,9/19/2019,PFBS,91,,97,,,
OP76916,9/19/2019,PFBS,89,,87,,,
OP76916,9/19/2019,PFBS,89,,87,,,
OP76964,9/24/2019,PFBS,96,,100,,,
OP76968,9/24/2019,PFBS,107,,107,,,
OP77080,10/1/2019,PFBS,107,,122,,,
OP77098,10/2/2019,PFBS,99,,106,,,
OP77131,10/3/2019,PFBS,97,,111,,107,
OP77167,10/5/2019,PFBS,91,,-625,*,,
OP77185,10/8/2019,PFBS,90,,91,,,
OP77372,10/22/2019,PFBS,99,,98,,98,
OP77412,10/24/2019,PFBS,83,,85,,,
OP77412,10/24/2019,PFBS,83,,85,,,
OP77603,11/6/2019,PFBS,101,,111,,,
OP77751,11/19/2019,PFBS,90,,101,,,
OP77769,11/19/2019,PFBS,98,,107,,,
OP77971,12/4/2019,PFBS,95,,97,,,
OP77987,12/5/2019,PFBS,95,,98,,111,
OP78102,12/12/2019,PFBS,94,,,,,
OP78113,12/12/2019,PFBS,89,,96,,,
OP78208,12/18/2019,PFBS,101,,,,,
OP79239,3/4/2020,PFBS,97,,104,,,
OP79312,3/9/2020,PFBS,99,,104,,,
OP79327,3/10/2020,PFBS,98,,97,,,
OP79535,3/25/2020,PFBS,98,,99,,,
OP81003,7/9/2020,PFBS,97,,99,,,
OP81064,7/14/2020,PFBS,98,,107,,109,
OP81102,7/16/2020,PFBS,98,,95,,,
OP81172,7/21/2020,PFBS,94,,95,,,
OP81177,7/21/2020,PFBS,97,,98,,,
OP81187,7/22/2020,PFBS,92,,92,,,
OP81221,7/24/2020,PFBS,101,,99,,,
OP81402,8/4/2020,PFBS,99,,100,,101,
OP81420,8/5/2020,PFBS,104,,107,,,
OP81424,8/5/2020,PFBS,105,,99,,106,
OP81586,8/17/2020,PFBS,86,,82,,,
OP81601,8/18/2020,PFBS,99,,98,,,
OP81728,8/25/2020,PFBS,96,,96,,,
OP81836,9/1/2020,PFBS,110,,106,,,
OP81836,9/1/2020,PFBS,110,,106,,,
OP81970,9/11/2020,PFBS,102,,102,,,
OP81979,9/11/2020,PFBS,104,,106,,,
OP82061,9/17/2020,PFBS,109,,98,,,
OP82061,9/17/2020,PFBS,100,,98,,,
OP82061,9/17/2020,PFBS,109,,98,,,
OP82061,9/17/2020,PFBS,100,,98,,,
OP82229,9/29/2020,PFBS,93,,96,,,
OP75017,5/14/2019,PFBA,98,,91,,,
OP75062,5/16/2019,PFBA,99,,102,,,
OP75150,5/22/2019,PFBA,99,,86,,,
OP75150,5/22/2019,PFBA,99,,86,,,
OP75150,5/22/2019,PFBA,99,,86,,,
OP75171,5/23/2019,PFBA,96,,102,,,
OP75212,5/28/2019,PFBA,113,,112,,,
OP75240,5/29/2019,PFBA,90,,79,,,
OP75296,6/3/2019,PFBA,104,,60,*,50,*
OP75356,6/7/2019,PFBA,99,,89,,,
OP75408,6/11/2019,PFBA,98,,99,,,
OP75416,6/12/2019,PFBA,100,,105,,85,
OP75435,6/13/2019,PFBA,84,,91,,,
OP75528,6/19/2019,PFBA,101,,93,,,
OP75544,6/20/2019,PFBA,100,,95,,,
OP75544,6/20/2019,PFBA,100,,95,,,
OP75555,6/20/2019,PFBA,88,,90,,,
OP75639,6/26/2019,PFBA,103,,92,,,
OP75655,6/26/2019,PFBA,97,,100,,,
OP75699,6/29/2019,PFBA,81,,85,,,
OP75738,7/2/2019,PFBA,92,,,,,
OP75769,7/5/2019,PFBA,98,,87,,,
OP75792,7/8/2019,PFBA,98,,91,,,
OP75844,7/10/2019,PFBA,98,,169,*,,
OP75862,7/11/2019,PFBA,99,,100,,,
OP75894,7/15/2019,PFBA,100,,91,,,
OP75989,7/19/2019,PFBA,98,,103,,,
OP76027,7/23/2019,PFBA,97,,101,,100,
OP76048,7/25/2019,PFBA,103,,93,,,
OP76062,7/26/2019,PFBA,100,,103,,101,
OP76155,8/1/2019,PFBA,103,,105,,,
OP76226,8/6/2019,PFBA,99,,101,,93,
OP76270,8/8/2019,PFBA,96,,100,,,
OP76335,8/13/2019,PFBA,109,,100,,,
OP76362,8/14/2019,PFBA,107,,111,,,
OP76445,8/20/2019,PFBA,108,,105,,94,
OP76488,8/22/2019,PFBA,113,,110,,,
OP76509,8/23/2019,PFBA,98,,111,,108,
OP76552,8/27/2019,PFBA,120,,121,,,
OP76557,8/27/2019,PFBA,108,,114,,,
OP76557,8/27/2019,PFBA,100,,114,,,
OP76557,8/27/2019,PFBA,114,,114,,,
OP76557,8/27/2019,PFBA,109,,114,,,
OP76557,8/27/2019,PFBA,110,,114,,,
OP76574,8/28/2019,PFBA,90,,94,,94,
OP76674,9/5/2019,PFBA,94,,96,,,
OP76705,9/6/2019,PFBA,106,,,,,
OP76725,9/7/2019,PFBA,91,,96,,,
OP76756,9/10/2019,PFBA,88,,109,,,
OP76774,9/11/2019,PFBA,95,,95,,,
OP76785,9/11/2019,PFBA,100,,102,,,
OP76796,9/12/2019,PFBA,99,,100,,,
OP76840,9/14/2019,PFBA,89,,88,,,
OP76891,9/18/2019,PFBA,98,,-35,*,,
OP76891,9/18/2019,PFBA,98,,-35,*,,
OP76891,9/18/2019,PFBA,92,,-35,*,,
OP76891,9/18/2019,PFBA,92,,-35,*,,
OP76910,9/19/2019,PFBA,93,,97,,,
OP76916,9/19/2019,PFBA,89,,85,,,
OP76916,9/19/2019,PFBA,89,,85,,,
OP76964,9/24/2019,PFBA,94,,98,,,
OP76968,9/24/2019,PFBA,107,,107,,,
OP77080,10/1/2019,PFBA,103,,70,,,
OP77098,10/2/2019,PFBA,97,,104,,,
OP77131,10/3/2019,PFBA,95,,104,,102,
OP77167,10/5/2019,PFBA,84,,-94,*,,
OP77185,10/8/2019,PFBA,92,,94,,,
OP77372,10/22/2019,PFBA,100,,98,,98,
OP77412,10/24/2019,PFBA,83,,87,,,
OP77412,10/24/2019,PFBA,83,,87,,,
OP77603,11/6/2019,PFBA,103,,108,,,
OP77751,11/19/2019,PFBA,98,,99,,,
OP77769,11/19/2019,PFBA,100,,104,,,
OP77971,12/4/2019,PFBA,94,,99,,,
OP77987,12/5/2019,PFBA,93,,97,,112,
OP78102,12/12/2019,PFBA,94,,,,,
OP78113,12/12/2019,PFBA,94,,103,,,
OP78208,12/18/2019,PFBA,103,,,,,
OP79239,3/4/2020,PFBA,103,,102,,,
OP79312,3/9/2020,PFBA,104,,105,,,
OP79327,3/10/2020,PFBA,93,,94,,,
OP79535,3/25/2020,PFBA,100,,98,,,
OP81003,7/9/2020,PFBA,94,,95,,,
OP81064,7/14/2020,PFBA,95,,100,,105,
OP81102,7/16/2020,PFBA,101,,99,,,
OP81172,7/21/2020,PFBA,92,,93,,,
OP81177,7/21/2020,PFBA,99,,102,,,
OP81187,7/22/2020,PFBA,90,,89,,,
OP81221,7/24/2020,PFBA,97,,96,,,
OP81402,8/4/2020,PFBA,99,,102,,103,
OP81420,8/5/2020,PFBA,102,,106,,,
OP81424,8/5/2020,PFBA,101,,95,,97,
OP81586,8/17/2020,PFBA,85,,80,,,
OP81601,8/18/2020,PFBA,100,,101,,,
OP81728,8/25/2020,PFBA,94,,93,,,
OP81836,9/1/2020,PFBA,110,,106,,,
OP81836,9/1/2020,PFBA,110,,106,,,
OP81970,9/11/2020,PFBA,99,,104,,,
OP81979,9/11/2020,PFBA,97,,102,,,
OP82061,9/17/2020,PFBA,108,,99,,,
OP82061,9/17/2020,PFBA,108,,99,,,
OP82061,9/17/2020,PFBA,100,,99,,,
OP82061,9/17/2020,PFBA,100,,99,,,
OP82229,9/29/2020,PFBA,92,,94,,,
OP75017,5/14/2019,PFDS,81,,65,*,,
OP75062,5/16/2019,PFDS,71,,70,,,
OP75150,5/22/2019,PFDS,81,,67,*,,
OP75150,5/22/2019,PFDS,81,,67,*,,
OP75150,5/22/2019,PFDS,81,,67,*,,
OP75171,5/23/2019,PFDS,73,,90,,,
OP75212,5/28/2019,PFDS,85,,86,,,
OP75240,5/29/2019,PFDS,74,,66,*,,
OP75296,6/3/2019,PFDS,79,,46,*,42,*
OP75356,6/7/2019,PFDS,68,*,81,,,
OP75408,6/11/2019,PFDS,69,*,96,,,
OP75416,6/12/2019,PFDS,76,,86,,73,
OP75435,6/13/2019,PFDS,66,*,57,*,,
OP75528,6/19/2019,PFDS,79,,68,*,,
OP75544,6/20/2019,PFDS,74,,73,,,
OP75544,6/20/2019,PFDS,74,,73,,,
OP75555,6/20/2019,PFDS,76,,73,,,
OP75639,6/26/2019,PFDS,85,,75,,,
OP75655,6/26/2019,PFDS,77,,97,,,
OP75699,6/29/2019,PFDS,92,,82,,,
OP75738,7/2/2019,PFDS,92,,,,,
OP75769,7/5/2019,PFDS,77,,77,,,
OP75792,7/8/2019,PFDS,62,*,53,*,,
OP75844,7/10/2019,PFDS,84,,-13,*,,
OP75862,7/11/2019,PFDS,78,,80,,,
OP75894,7/15/2019,PFDS,87,,84,,,
OP75989,7/19/2019,PFDS,69,*,73,,,
OP76027,7/23/2019,PFDS,102,,143,*,122,
OP76048,7/25/2019,PFDS,69,*,67,*,,
OP76062,7/26/2019,PFDS,91,,113,,82,
OP76155,8/1/2019,PFDS,77,,55,*,,
OP76226,8/6/2019,PFDS,73,,73,,67,*
OP76270,8/8/2019,PFDS,74,,86,,,
OP76335,8/13/2019,PFDS,93,,87,,,
OP76362,8/14/2019,PFDS,97,,98,,,
OP76445,8/20/2019,PFDS,92,,94,,80,
OP76488,8/22/2019,PFDS,98,,94,,,
OP76509,8/23/2019,PFDS,81,,89,,64,*
OP76552,8/27/2019,PFDS,112,,100,,,
OP76557,8/27/2019,PFDS,99,,89,,,
OP76557,8/27/2019,PFDS,90,,89,,,
OP76557,8/27/2019,PFDS,91,,89,,,
OP76557,8/27/2019,PFDS,92,,89,,,
OP76557,8/27/2019,PFDS,86,,89,,,
OP76574,8/28/2019,PFDS,76,,88,,88,
OP76674,9/5/2019,PFDS,88,,88,,,
OP76705,9/6/2019,PFDS,99,,,,,
OP76725,9/7/2019,PFDS,70,,77,,,
OP76756,9/10/2019,PFDS,71,,86,,,
OP76774,9/11/2019,PFDS,92,,96,,,
OP76785,9/11/2019,PFDS,99,,103,,,
OP76796,9/12/2019,PFDS,96,,94,,,
OP76840,9/14/2019,PFDS,78,,75,,,
OP76891,9/18/2019,PFDS,98,,101,,,
OP76891,9/18/2019,PFDS,97,,101,,,
OP76891,9/18/2019,PFDS,98,,101,,,
OP76891,9/18/2019,PFDS,97,,101,,,
OP76910,9/19/2019,PFDS,86,,93,,,
OP76916,9/19/2019,PFDS,73,,73,,,
OP76916,9/19/2019,PFDS,73,,73,,,
OP76964,9/24/2019,PFDS,84,,86,,,
OP76968,9/24/2019,PFDS,100,,106,,,
OP77080,10/1/2019,PFDS,102,,83,,,
OP77098,10/2/2019,PFDS,98,,113,,,
OP77131,10/3/2019,PFDS,89,,94,,96,
OP77167,10/5/2019,PFDS,77,,0,*,,
OP77185,10/8/2019,PFDS,89,,92,,,
OP77372,10/22/2019,PFDS,93,,87,,89,
OP77412,10/24/2019,PFDS,72,,70,,,
OP77412,10/24/2019,PFDS,72,,70,,,
OP77603,11/6/2019,PFDS,85,,91,,,
OP77751,11/19/2019,PFDS,88,,94,,,
OP77769,11/19/2019,PFDS,95,,103,,,
OP77971,12/4/2019,PFDS,88,,87,,,
OP77987,12/5/2019,PFDS,84,,85,,96,
OP78102,12/12/2019,PFDS,88,,,,,
OP78113,12/12/2019,PFDS,72,,80,,,
OP78208,12/18/2019,PFDS,94,,,,,
OP79239,3/4/2020,PFDS,98,,97,,,
OP79312,3/9/2020,PFDS,106,,114,,,
OP79327,3/10/2020,PFDS,91,,116,,,
OP79535,3/25/2020,PFDS,91,,92,,,
OP81003,7/9/2020,PFDS,70,,82,,,
OP81064,7/14/2020,PFDS,84,,53,*,54,*
OP81102,7/16/2020,PFDS,97,,96,,,
OP81172,7/21/2020,PFDS,85,,87,,,
OP81177,7/21/2020,PFDS,80,,82,,,
OP81187,7/22/2020,PFDS,83,,82,,,
OP81221,7/24/2020,PFDS,116,,107,,,
OP81402,8/4/2020,PFDS,94,,93,,97,
OP81420,8/5/2020,PFDS,100,,101,,,
OP81424,8/5/2020,PFDS,98,,92,,93,
OP81586,8/17/2020,PFDS,75,,77,,,
OP81601,8/18/2020,PFDS,100,,98,,,
OP81728,8/25/2020,PFDS,86,,97,,,
OP81836,9/1/2020,PFDS,103,,100,,,
OP81836,9/1/2020,PFDS,103,,100,,,
OP81970,9/11/2020,PFDS,76,,99,,,
OP81979,9/11/2020,PFDS,97,,99,,,
OP82061,9/17/2020,PFDS,92,,96,,,
OP82061,9/17/2020,PFDS,95,,96,,,
OP82061,9/17/2020,PFDS,92,,96,,,
OP82061,9/17/2020,PFDS,95,,96,,,
OP82229,9/29/2020,PFDS,82,,86,,,
OP75017,5/14/2019,PFDA,102,,94,,,
OP75062,5/16/2019,PFDA,100,,103,,,
OP75150,5/22/2019,PFDA,110,,96,,,
OP75150,5/22/2019,PFDA,110,,96,,,
OP75150,5/22/2019,PFDA,110,,96,,,
OP75171,5/23/2019,PFDA,94,,103,,,
OP75212,5/28/2019,PFDA,111,,112,,,
OP75240,5/29/2019,PFDA,100,,90,,,
OP75296,6/3/2019,PFDA,101,,54,*,48,*
OP75356,6/7/2019,PFDA,97,,86,,,
OP75408,6/11/2019,PFDA,92,,98,,,
OP75416,6/12/2019,PFDA,96,,95,,87,
OP75435,6/13/2019,PFDA,90,,99,,,
OP75528,6/19/2019,PFDA,97,,85,,,
OP75544,6/20/2019,PFDA,97,,92,,,
OP75544,6/20/2019,PFDA,97,,92,,,
OP75555,6/20/2019,PFDA,88,,94,,,
OP75639,6/26/2019,PFDA,100,,92,,,
OP75655,6/26/2019,PFDA,103,,105,,,
OP75699,6/29/2019,PFDA,92,,95,,,
OP75738,7/2/2019,PFDA,97,,,,,
OP75769,7/5/2019,PFDA,101,,89,,,
OP75792,7/8/2019,PFDA,94,,89,,,
OP75844,7/10/2019,PFDA,98,,-45,*,,
OP75862,7/11/2019,PFDA,102,,102,,,
OP75894,7/15/2019,PFDA,101,,104,,,
OP75989,7/19/2019,PFDA,96,,98,,,
OP76027,7/23/2019,PFDA,102,,113,,116,
OP76048,7/25/2019,PFDA,102,,88,,,
OP76062,7/26/2019,PFDA,99,,104,,100,
OP76155,8/1/2019,PFDA,110,,108,,,
OP76226,8/6/2019,PFDA,100,,103,,96,
OP76270,8/8/2019,PFDA,97,,103,,,
OP76335,8/13/2019,PFDA,105,,95,,,
OP76362,8/14/2019,PFDA,103,,108,,,
OP76445,8/20/2019,PFDA,103,,103,,94,
OP76488,8/22/2019,PFDA,111,,105,,,
OP76509,8/23/2019,PFDA,95,,106,,104,
OP76552,8/27/2019,PFDA,110,,108,,,
OP76557,8/27/2019,PFDA,97,,104,,,
OP76557,8/27/2019,PFDA,100,,104,,,
OP76557,8/27/2019,PFDA,92,,104,,,
OP76557,8/27/2019,PFDA,103,,104,,,
OP76557,8/27/2019,PFDA,98,,104,,,
OP76574,8/28/2019,PFDA,87,,93,,94,
OP76674,9/5/2019,PFDA,94,,94,,,
OP76705,9/6/2019,PFDA,107,,,,,
OP76725,9/7/2019,PFDA,91,,100,,,
OP76756,9/10/2019,PFDA,90,,102,,,
OP76774,9/11/2019,PFDA,94,,94,,,
OP76785,9/11/2019,PFDA,96,,99,,,
OP76796,9/12/2019,PFDA,100,,98,,,
OP76840,9/14/2019,PFDA,87,,87,,,
OP76891,9/18/2019,PFDA,99,,49,*,,
OP76891,9/18/2019,PFDA,87,,49,*,,
OP76891,9/18/2019,PFDA,87,,49,*,,
OP76891,9/18/2019,PFDA,99,,49,*,,
OP76910,9/19/2019,PFDA,94,,98,,,
OP76916,9/19/2019,PFDA,88,,87,,,
OP76916,9/19/2019,PFDA,88,,87,,,
OP76964,9/24/2019,PFDA,97,,100,,,
OP76968,9/24/2019,PFDA,107,,107,,,
OP77080,10/1/2019,PFDA,107,,108,,,
OP77098,10/2/2019,PFDA,99,,109,,,
OP77131,10/3/2019,PFDA,98,,105,,106,
OP77167,10/5/2019,PFDA,91,,0,*,,
OP77185,10/8/2019,PFDA,88,,94,,,
OP77372,10/22/2019,PFDA,99,,96,,98,
OP77412,10/24/2019,PFDA,85,,90,,,
OP77412,10/24/2019,PFDA,85,,90,,,
OP77603,11/6/2019,PFDA,102,,107,,,
OP77751,11/19/2019,PFDA,93,,101,,,
OP77769,11/19/2019,PFDA,97,,102,,,
OP77971,12/4/2019,PFDA,98,,98,,,
OP77987,12/5/2019,PFDA,97,,101,,115,
OP78102,12/12/2019,PFDA,96,,,,,
OP78113,12/12/2019,PFDA,96,,101,,,
OP78208,12/18/2019,PFDA,101,,,,,
OP79239,3/4/2020,PFDA,96,,103,,,
OP79312,3/9/2020,PFDA,97,,95,,,
OP79327,3/10/2020,PFDA,92,,95,,,
OP79535,3/25/2020,PFDA,96,,97,,,
OP81003,7/9/2020,PFDA,98,,100,,,
OP81064,7/14/2020,PFDA,97,,101,,105,
OP81102,7/16/2020,PFDA,98,,98,,,
OP81172,7/21/2020,PFDA,93,,94,,,
OP81177,7/21/2020,PFDA,97,,100,,,
OP81187,7/22/2020,PFDA,91,,89,,,
OP81221,7/24/2020,PFDA,95,,92,,,
OP81402,8/4/2020,PFDA,98,,100,,101,
OP81420,8/5/2020,PFDA,101,,106,,,
OP81424,8/5/2020,PFDA,101,,99,,101,
OP81586,8/17/2020,PFDA,82,,79,,,
OP81601,8/18/2020,PFDA,97,,96,,,
OP81728,8/25/2020,PFDA,95,,99,,,
OP81836,9/1/2020,PFDA,111,,106,,,
OP81836,9/1/2020,PFDA,111,,106,,,
OP81970,9/11/2020,PFDA,97,,102,,,
OP81979,9/11/2020,PFDA,99,,104,,,
OP82061,9/17/2020,PFDA,107,,98,,,
OP82061,9/17/2020,PFDA,99,,98,,,
OP82061,9/17/2020,PFDA,99,,98,,,
OP82061,9/17/2020,PFDA,107,,98,,,
OP82229,9/29/2020,PFDA,93,,94,,,
OP75017,5/14/2019,PFDoA,103,,96,,,
OP75062,5/16/2019,PFDoA,99,,101,,,
OP75150,5/22/2019,PFDoA,100,,88,,,
OP75150,5/22/2019,PFDoA,100,,88,,,
OP75150,5/22/2019,PFDoA,100,,88,,,
OP75171,5/23/2019,PFDoA,96,,101,,,
OP75212,5/28/2019,PFDoA,112,,115,,,
OP75240,5/29/2019,PFDoA,98,,85,,,
OP75296,6/3/2019,PFDoA,102,,56,*,48,*
OP75356,6/7/2019,PFDoA,95,,90,,,
OP75408,6/11/2019,PFDoA,99,,102,,,
OP75416,6/12/2019,PFDoA,99,,98,,87,
OP75435,6/13/2019,PFDoA,91,,98,,,
OP75528,6/19/2019,PFDoA,95,,87,,,
OP75544,6/20/2019,PFDoA,99,,93,,,
OP75544,6/20/2019,PFDoA,99,,93,,,
OP75555,6/20/2019,PFDoA,93,,100,,,
OP75639,6/26/2019,PFDoA,100,,90,,,
OP75655,6/26/2019,PFDoA,118,,109,,,
OP75699,6/29/2019,PFDoA,94,,98,,,
OP75738,7/2/2019,PFDoA,97,,,,,
OP75769,7/5/2019,PFDoA,110,,94,,,
OP75792,7/8/2019,PFDoA,99,,90,,,
OP75844,7/10/2019,PFDoA,96,,65,*,,
OP75862,7/11/2019,PFDoA,112,,106,,,
OP75894,7/15/2019,PFDoA,103,,104,,,
OP75989,7/19/2019,PFDoA,110,,106,,,
OP76027,7/23/2019,PFDoA,110,,121,,133,*
OP76048,7/25/2019,PFDoA,100,,85,,,
OP76062,7/26/2019,PFDoA,101,,106,,107,
OP76155,8/1/2019,PFDoA,119,,119,,,
OP76226,8/6/2019,PFDoA,99,,100,,97,
OP76270,8/8/2019,PFDoA,100,,118,,,
OP76335,8/13/2019,PFDoA,105,,96,,,
OP76362,8/14/2019,PFDoA,103,,107,,,
OP76445,8/20/2019,PFDoA,103,,105,,95,
OP76488,8/22/2019,PFDoA,112,,106,,,
OP76509,8/23/2019,PFDoA,93,,106,,100,
OP76552,8/27/2019,PFDoA,112,,112,,,
OP76557,8/27/2019,PFDoA,101,,112,,,
OP76557,8/27/2019,PFDoA,102,,112,,,
OP76557,8/27/2019,PFDoA,104,,112,,,
OP76557,8/27/2019,PFDoA,105,,112,,,
OP76557,8/27/2019,PFDoA,95,,112,,,
OP76574,8/28/2019,PFDoA,86,,97,,98,
OP76674,9/5/2019,PFDoA,97,,98,,,
OP76705,9/6/2019,PFDoA,105,,,,,
OP76725,9/7/2019,PFDoA,91,,101,,,
OP76756,9/10/2019,PFDoA,91,,108,,,
OP76774,9/11/2019,PFDoA,99,,97,,,
OP76785,9/11/2019,PFDoA,99,,103,,,
OP76796,9/12/2019,PFDoA,100,,99,,,
OP76840,9/14/2019,PFDoA,90,,90,,,
OP76891,9/18/2019,PFDoA,98,,0,*,,
OP76891,9/18/2019,PFDoA,96,,0,*,,
OP76891,9/18/2019,PFDoA,96,,0,*,,
OP76891,9/18/2019,PFDoA,98,,0,*,,
OP76910,9/19/2019,PFDoA,94,,98,,,
OP76916,9/19/2019,PFDoA,90,,91,,,
OP76916,9/19/2019,PFDoA,90,,91,,,
OP76964,9/24/2019,PFDoA,100,,102,,,
OP76968,9/24/2019,PFDoA,105,,106,,,
OP77080,10/1/2019,PFDoA,108,,109,,,
OP77098,10/2/2019,PFDoA,98,,109,,,
OP77131,10/3/2019,PFDoA,97,,102,,103,
OP77167,10/5/2019,PFDoA,90,,0,*,,
OP77185,10/8/2019,PFDoA,90,,93,,,
OP77372,10/22/2019,PFDoA,104,,100,,102,
OP77412,10/24/2019,PFDoA,84,,88,,,
OP77412,10/24/2019,PFDoA,84,,88,,,
OP77603,11/6/2019,PFDoA,101,,106,,,
OP77751,11/19/2019,PFDoA,96,,105,,,
OP77769,11/19/2019,PFDoA,99,,105,,,
OP77971,12/4/2019,PFDoA,96,,99,,,
OP77987,12/5/2019,PFDoA,96,,100,,120,
OP78102,12/12/2019,PFDoA,94,,,,,
OP78113,12/12/2019,PFDoA,94,,104,,,
OP78208,12/18/2019,PFDoA,101,,,,,
OP79239,3/4/2020,PFDoA,98,,104,,,
OP79312,3/9/2020,PFDoA,101,,102,,,
OP79327,3/10/2020,PFDoA,97,,100,,,
OP79535,3/25/2020,PFDoA,98,,100,,,
OP81003,7/9/2020,PFDoA,96,,97,,,
OP81064,7/14/2020,PFDoA,97,,101,,106,
OP81102,7/16/2020,PFDoA,100,,101,,,
OP81172,7/21/2020,PFDoA,95,,96,,,
OP81177,7/21/2020,PFDoA,98,,100,,,
OP81187,7/22/2020,PFDoA,94,,91,,,
OP81221,7/24/2020,PFDoA,98,,97,,,
OP81402,8/4/2020,PFDoA,102,,103,,104,
OP81420,8/5/2020,PFDoA,103,,109,,,
OP81424,8/5/2020,PFDoA,103,,96,,103,
OP81586,8/17/2020,PFDoA,82,,79,,,
OP81601,8/18/2020,PFDoA,100,,102,,,
OP81728,8/25/2020,PFDoA,92,,100,,,
OP81836,9/1/2020,PFDoA,107,,107,,,
OP81836,9/1/2020,PFDoA,107,,107,,,
OP81970,9/11/2020,PFDoA,97,,102,,,
OP81979,9/11/2020,PFDoA,102,,105,,,
OP82061,9/17/2020,PFDoA,101,,101,,,
OP82061,9/17/2020,PFDoA,107,,101,,,
OP82061,9/17/2020,PFDoA,101,,101,,,
OP82061,9/17/2020,PFDoA,107,,101,,,
OP82229,9/29/2020,PFDoA,95,,97,,,
OP75017,5/14/2019,PFHpS,100,,88,,,
OP75062,5/16/2019,PFHpS,96,,97,,,
OP75150,5/22/2019,PFHpS,101,,89,,,
OP75150,5/22/2019,PFHpS,101,,89,,,
OP75150,5/22/2019,PFHpS,101,,89,,,
OP75171,5/23/2019,PFHpS,98,,97,,,
OP75212,5/28/2019,PFHpS,119,,122,,,
OP75240,5/29/2019,PFHpS,95,,88,,,
OP75296,6/3/2019,PFHpS,108,,58,*,54,*
OP75356,6/7/2019,PFHpS,103,,94,,,
OP75408,6/11/2019,PFHpS,102,,91,,,
OP75416,6/12/2019,PFHpS,106,,113,,102,
OP75435,6/13/2019,PFHpS,93,,102,,,
OP75528,6/19/2019,PFHpS,97,,86,,,
OP75544,6/20/2019,PFHpS,106,,99,,,
OP75544,6/20/2019,PFHpS,106,,99,,,
OP75555,6/20/2019,PFHpS,86,,95,,,
OP75639,6/26/2019,PFHpS,109,,98,,,
OP75655,6/26/2019,PFHpS,99,,95,,,
OP75699,6/29/2019,PFHpS,88,,88,,,
OP75738,7/2/2019,PFHpS,99,,,,,
OP75769,7/5/2019,PFHpS,101,,91,,,
OP75792,7/8/2019,PFHpS,104,,96,,,
OP75844,7/10/2019,PFHpS,101,,160,*,,
OP75862,7/11/2019,PFHpS,99,,102,,,
OP75894,7/15/2019,PFHpS,101,,104,,,
OP75989,7/19/2019,PFHpS,105,,110,,,
OP76027,7/23/2019,PFHpS,79,,72,*,82,
OP76048,7/25/2019,PFHpS,105,,95,,,
OP76062,7/26/2019,PFHpS,91,,95,,109,
OP76155,8/1/2019,PFHpS,85,,100,,,
OP76226,8/6/2019,PFHpS,99,,103,,96,
OP76270,8/8/2019,PFHpS,94,,103,,,
OP76335,8/13/2019,PFHpS,107,,97,,,
OP76362,8/14/2019,PFHpS,107,,111,,,
OP76445,8/20/2019,PFHpS,109,,109,,99,
OP76488,8/22/2019,PFHpS,115,,110,,,
OP76509,8/23/2019,PFHpS,97,,110,,107,
OP76552,8/27/2019,PFHpS,114,,116,,,
OP76557,8/27/2019,PFHpS,103,,110,,,
OP76557,8/27/2019,PFHpS,106,,110,,,
OP76557,8/27/2019,PFHpS,96,,110,,,
OP76557,8/27/2019,PFHpS,104,,110,,,
OP76557,8/27/2019,PFHpS,108,,110,,,
OP76574,8/28/2019,PFHpS,91,,95,,98,
OP76674,9/5/2019,PFHpS,99,,101,,,
OP76705,9/6/2019,PFHpS,108,,,,,
OP76725,9/7/2019,PFHpS,94,,101,,,
OP76756,9/10/2019,PFHpS,93,,104,,,
OP76774,9/11/2019,PFHpS,96,,90,,,
OP76785,9/11/2019,PFHpS,96,,103,,,
OP76796,9/12/2019,PFHpS,94,,99,,,
OP76840,9/14/2019,PFHpS,83,,90,,,
OP76891,9/18/2019,PFHpS,95,,88,,,
OP76891,9/18/2019,PFHpS,95,,88,,,
OP76891,9/18/2019,PFHpS,102,,88,,,
OP76891,9/18/2019,PFHpS,102,,88,,,
OP76910,9/19/2019,PFHpS,90,,99,,,
OP76916,9/19/2019,PFHpS,86,,89,,,
OP76916,9/19/2019,PFHpS,86,,89,,,
OP76964,9/24/2019,PFHpS,98,,104,,,
OP76968,9/24/2019,PFHpS,104,,110,,,
OP77080,10/1/2019,PFHpS,111,,115,,,
OP77098,10/2/2019,PFHpS,104,,115,,,
OP77131,10/3/2019,PFHpS,99,,111,,106,
OP77167,10/5/2019,PFHpS,96,,-606,*,,
OP77185,10/8/2019,PFHpS,91,,95,,,
OP77372,10/22/2019,PFHpS,104,,100,,102,
OP77412,10/24/2019,PFHpS,82,,86,,,
OP77412,10/24/2019,PFHpS,82,,86,,,
OP77603,11/6/2019,PFHpS,100,,110,,,
OP77751,11/19/2019,PFHpS,92,,100,,,
OP77769,11/19/2019,PFHpS,97,,106,,,
OP77971,12/4/2019,PFHpS,92,,106,,,
OP77987,12/5/2019,PFHpS,97,,104,,116,
OP78102,12/12/2019,PFHpS,96,,,,,
OP78113,12/12/2019,PFHpS,93,,104,,,
OP78208,12/18/2019,PFHpS,101,,,,,
OP79239,3/4/2020,PFHpS,103,,103,,,
OP79312,3/9/2020,PFHpS,107,,112,,,
OP79327,3/10/2020,PFHpS,106,,113,,,
OP79535,3/25/2020,PFHpS,103,,102,,,
OP81003,7/9/2020,PFHpS,103,,106,,,
OP81064,7/14/2020,PFHpS,104,,112,,115,
OP81102,7/16/2020,PFHpS,90,,103,,,
OP81172,7/21/2020,PFHpS,95,,98,,,
OP81177,7/21/2020,PFHpS,102,,104,,,
OP81187,7/22/2020,PFHpS,92,,95,,,
OP81221,7/24/2020,PFHpS,97,,103,,,
OP81402,8/4/2020,PFHpS,100,,102,,103,
OP81420,8/5/2020,PFHpS,107,,109,,,
OP81424,8/5/2020,PFHpS,103,,89,,80,
OP81586,8/17/2020,PFHpS,86,,85,,,
OP81601,8/18/2020,PFHpS,104,,106,,,
OP81728,8/25/2020,PFHpS,88,,94,,,
OP81836,9/1/2020,PFHpS,100,,102,,,
OP81836,9/1/2020,PFHpS,100,,102,,,
OP81970,9/11/2020,PFHpS,85,,112,,,
OP81979,9/11/2020,PFHpS,107,,108,,,
OP82061,9/17/2020,PFHpS,99,,106,,,
OP82061,9/17/2020,PFHpS,105,,106,,,
OP82061,9/17/2020,PFHpS,105,,106,,,
OP82061,9/17/2020,PFHpS,99,,106,,,
OP82229,9/29/2020,PFHpS,95,,96,,,
OP75017,5/14/2019,PFHpA,97,,88,,,
OP75062,5/16/2019,PFHpA,97,,100,,,
OP75150,5/22/2019,PFHpA,102,,90,,,
OP75150,5/22/2019,PFHpA,102,,90,,,
OP75150,5/22/2019,PFHpA,102,,90,,,
OP75171,5/23/2019,PFHpA,91,,98,,,
OP75212,5/28/2019,PFHpA,105,,107,,,
OP75240,5/29/2019,PFHpA,96,,86,,,
OP75296,6/3/2019,PFHpA,102,,54,*,50,*
OP75356,6/7/2019,PFHpA,96,,89,,,
OP75408,6/11/2019,PFHpA,94,,96,,,
OP75416,6/12/2019,PFHpA,97,,105,,84,
OP75435,6/13/2019,PFHpA,88,,93,,,
OP75528,6/19/2019,PFHpA,98,,92,,,
OP75544,6/20/2019,PFHpA,99,,91,,,
OP75544,6/20/2019,PFHpA,99,,91,,,
OP75555,6/20/2019,PFHpA,87,,91,,,
OP75639,6/26/2019,PFHpA,97,,89,,,
OP75655,6/26/2019,PFHpA,94,,94,,,
OP75699,6/29/2019,PFHpA,91,,95,,,
OP75738,7/2/2019,PFHpA,98,,,,,
OP75769,7/5/2019,PFHpA,105,,90,,,
OP75792,7/8/2019,PFHpA,102,,96,,,
OP75844,7/10/2019,PFHpA,98,,13,*,,
OP75862,7/11/2019,PFHpA,99,,97,,,
OP75894,7/15/2019,PFHpA,97,,102,,,
OP75989,7/19/2019,PFHpA,98,,101,,,
OP76027,7/23/2019,PFHpA,101,,106,,104,
OP76048,7/25/2019,PFHpA,100,,91,,,
OP76062,7/26/2019,PFHpA,98,,104,,101,
OP76155,8/1/2019,PFHpA,103,,109,,,
OP76226,8/6/2019,PFHpA,98,,103,,95,
OP76270,8/8/2019,PFHpA,94,,98,,,
OP76335,8/13/2019,PFHpA,106,,98,,,
OP76362,8/14/2019,PFHpA,102,,107,,,
OP76445,8/20/2019,PFHpA,103,,103,,92,
OP76488,8/22/2019,PFHpA,112,,106,,,
OP76509,8/23/2019,PFHpA,91,,102,,101,
OP76552,8/27/2019,PFHpA,109,,110,,,
OP76557,8/27/2019,PFHpA,97,,103,,,
OP76557,8/27/2019,PFHpA,91,,103,,,
OP76557,8/27/2019,PFHpA,101,,103,,,
OP76557,8/27/2019,PFHpA,99,,103,,,
OP76557,8/27/2019,PFHpA,99,,103,,,
OP76574,8/28/2019,PFHpA,96,,97,,98,
OP76674,9/5/2019,PFHpA,97,,99,,,
OP76705,9/6/2019,PFHpA,98,,,,,
OP76725,9/7/2019,PFHpA,90,,101,,,
OP76756,9/10/2019,PFHpA,90,,98,,,
OP76774,9/11/2019,PFHpA,99,,99,,,
OP76785,9/11/2019,PFHpA,99,,103,,,
OP76796,9/12/2019,PFHpA,92,,93,,,
OP76840,9/14/2019,PFHpA,88,,90,,,
OP76891,9/18/2019,PFHpA,100,,36,*,,
OP76891,9/18/2019,PFHpA,99,,36,*,,
OP76891,9/18/2019,PFHpA,99,,36,*,,
OP76891,9/18/2019,PFHpA,100,,36,*,,
OP76910,9/19/2019,PFHpA,92,,97,,,
OP76916,9/19/2019,PFHpA,90,,89,,,
OP76916,9/19/2019,PFHpA,90,,89,,,
OP76964,9/24/2019,PFHpA,96,,101,,,
OP76968,9/24/2019,PFHpA,104,,105,,,
OP77080,10/1/2019,PFHpA,104,,119,,,
OP77098,10/2/2019,PFHpA,96,,104,,,
OP77131,10/3/2019,PFHpA,95,,101,,101,
OP77167,10/5/2019,PFHpA,90,,-75,*,,
OP77185,10/8/2019,PFHpA,90,,92,,,
OP77372,10/22/2019,PFHpA,100,,98,,98,
OP77412,10/24/2019,PFHpA,82,,85,,,
OP77412,10/24/2019,PFHpA,82,,85,,,
OP77603,11/6/2019,PFHpA,99,,103,,,
OP77751,11/19/2019,PFHpA,96,,102,,,
OP77769,11/19/2019,PFHpA,97,,104,,,
OP77971,12/4/2019,PFHpA,94,,96,,,
OP77987,12/5/2019,PFHpA,94,,97,,112,
OP78102,12/12/2019,PFHpA,93,,,,,
OP78113,12/12/2019,PFHpA,90,,98,,,
OP78208,12/18/2019,PFHpA,101,,,,,
OP79239,3/4/2020,PFHpA,98,,104,,,
OP79312,3/9/2020,PFHpA,100,,102,,,
OP79327,3/10/2020,PFHpA,104,,106,,,
OP79535,3/25/2020,PFHpA,98,,99,,,
OP81003,7/9/2020,PFHpA,95,,96,,,
OP81064,7/14/2020,PFHpA,97,,103,,108,
OP81102,7/16/2020,PFHpA,100,,98,,,
OP81172,7/21/2020,PFHpA,94,,95,,,
OP81177,7/21/2020,PFHpA,98,,101,,,
OP81187,7/22/2020,PFHpA,92,,91,,,
OP81221,7/24/2020,PFHpA,104,,103,,,
OP81402,8/4/2020,PFHpA,97,,99,,100,
OP81420,8/5/2020,PFHpA,101,,104,,,
OP81424,8/5/2020,PFHpA,98,,85,,89,
OP81586,8/17/2020,PFHpA,83,,79,,,
OP81601,8/18/2020,PFHpA,98,,98,,,
OP81728,8/25/2020,PFHpA,98,,100,,,
OP81836,9/1/2020,PFHpA,107,,102,,,
OP81836,9/1/2020,PFHpA,107,,102,,,
OP81970,9/11/2020,PFHpA,84,,101,,,
OP81979,9/11/2020,PFHpA,105,,109,,,
OP82061,9/17/2020,PFHpA,98,,103,,,
OP82061,9/17/2020,PFHpA,98,,103,,,
OP82061,9/17/2020,PFHpA,103,,103,,,
OP82061,9/17/2020,PFHpA,103,,103,,,
OP82229,9/29/2020,PFHpA,91,,93,,,
OP75017,5/14/2019,PFHxS,100,,92,,,
OP75062,5/16/2019,PFHxS,99,,106,,,
OP75150,5/22/2019,PFHxS,102,,92,,,
OP75150,5/22/2019,PFHxS,102,,92,,,
OP75150,5/22/2019,PFHxS,102,,92,,,
OP75171,5/23/2019,PFHxS,95,,102,,,
OP75212,5/28/2019,PFHxS,111,,112,,,
OP75240,5/29/2019,PFHxS,95,,85,,,
OP75296,6/3/2019,PFHxS,102,,55,*,51,*
OP75356,6/7/2019,PFHxS,97,,89,,,
OP75408,6/11/2019,PFHxS,94,,97,,,
OP75416,6/12/2019,PFHxS,100,,101,,90,
OP75435,6/13/2019,PFHxS,91,,98,,,
OP75528,6/19/2019,PFHxS,99,,94,,,
OP75544,6/20/2019,PFHxS,99,,93,,,
OP75544,6/20/2019,PFHxS,99,,93,,,
OP75555,6/20/2019,PFHxS,91,,97,,,
OP75639,6/26/2019,PFHxS,100,,92,,,
OP75655,6/26/2019,PFHxS,97,,99,,,
OP75699,6/29/2019,PFHxS,88,,87,,,
OP75738,7/2/2019,PFHxS,97,,,,,
OP75769,7/5/2019,PFHxS,102,,91,,,
OP75792,7/8/2019,PFHxS,102,,96,,,
OP75844,7/10/2019,PFHxS,99,,149,*,,
OP75862,7/11/2019,PFHxS,100,,100,,,
OP75894,7/15/2019,PFHxS,99,,57,*,,
OP75989,7/19/2019,PFHxS,98,,102,,,
OP76027,7/23/2019,PFHxS,99,,108,,103,
OP76048,7/25/2019,PFHxS,101,,92,,,
OP76062,7/26/2019,PFHxS,98,,104,,102,
OP76155,8/1/2019,PFHxS,101,,107,,,
OP76226,8/6/2019,PFHxS,104,,110,,100,
OP76270,8/8/2019,PFHxS,95,,100,,,
OP76335,8/13/2019,PFHxS,108,,99,,,
OP76362,8/14/2019,PFHxS,104,,107,,,
OP76445,8/20/2019,PFHxS,105,,103,,93,
OP76488,8/22/2019,PFHxS,108,,103,,,
OP76509,8/23/2019,PFHxS,89,,102,,101,
OP76552,8/27/2019,PFHxS,111,,111,,,
OP76557,8/27/2019,PFHxS,101,,104,,,
OP76557,8/27/2019,PFHxS,92,,104,,,
OP76557,8/27/2019,PFHxS,99,,104,,,
OP76557,8/27/2019,PFHxS,103,,104,,,
OP76557,8/27/2019,PFHxS,99,,104,,,
OP76574,8/28/2019,PFHxS,93,,95,,97,
OP76674,9/5/2019,PFHxS,102,,102,,,
OP76705,9/6/2019,PFHxS,102,,,,,
OP76725,9/7/2019,PFHxS,88,,93,,,
OP76756,9/10/2019,PFHxS,88,,100,,,
OP76774,9/11/2019,PFHxS,95,,98,,,
OP76785,9/11/2019,PFHxS,99,,104,,,
OP76796,9/12/2019,PFHxS,96,,96,,,
OP76840,9/14/2019,PFHxS,89,,89,,,
OP76891,9/18/2019,PFHxS,96,,66,*,,
OP76891,9/18/2019,PFHxS,99,,66,*,,
OP76891,9/18/2019,PFHxS,96,,66,*,,
OP76891,9/18/2019,PFHxS,99,,66,*,,
OP76910,9/19/2019,PFHxS,94,,98,,,
OP76916,9/19/2019,PFHxS,89,,88,,,
OP76916,9/19/2019,PFHxS,89,,88,,,
OP76964,9/24/2019,PFHxS,96,,101,,,
OP76968,9/24/2019,PFHxS,106,,109,,,
OP77080,10/1/2019,PFHxS,106,,117,,,
OP77098,10/2/2019,PFHxS,99,,128,,,
OP77131,10/3/2019,PFHxS,97,,105,,108,
OP77167,10/5/2019,PFHxS,92,,-3000,*,,
OP77185,10/8/2019,PFHxS,89,,94,,,
OP77372,10/22/2019,PFHxS,100,,98,,98,
OP77412,10/24/2019,PFHxS,81,,86,,,
OP77412,10/24/2019,PFHxS,81,,86,,,
OP77603,11/6/2019,PFHxS,100,,106,,,
OP77751,11/19/2019,PFHxS,98,,105,,,
OP77769,11/19/2019,PFHxS,99,,107,,,
OP77971,12/4/2019,PFHxS,96,,102,,,
OP77987,12/5/2019,PFHxS,95,,100,,113,
OP78102,12/12/2019,PFHxS,95,,,,,
OP78113,12/12/2019,PFHxS,89,,96,,,
OP78208,12/18/2019,PFHxS,100,,,,,
OP79239,3/4/2020,PFHxS,98,,103,,,
OP79312,3/9/2020,PFHxS,103,,107,,,
OP79327,3/10/2020,PFHxS,96,,100,,,
OP79535,3/25/2020,PFHxS,99,,106,,,
OP81003,7/9/2020,PFHxS,104,,106,,,
OP81064,7/14/2020,PFHxS,106,,114,,121,
OP81102,7/16/2020,PFHxS,98,,98,,,
OP81172,7/21/2020,PFHxS,98,,104,,,
OP81177,7/21/2020,PFHxS,97,,100,,,
OP81187,7/22/2020,PFHxS,95,,95,,,
OP81221,7/24/2020,PFHxS,101,,98,,,
OP81402,8/4/2020,PFHxS,101,,101,,103,
OP81420,8/5/2020,PFHxS,103,,106,,,
OP81424,8/5/2020,PFHxS,100,,74,,-1,*
OP81586,8/17/2020,PFHxS,84,,78,,,
OP81601,8/18/2020,PFHxS,100,,102,,,
OP81728,8/25/2020,PFHxS,94,,97,,,
OP81836,9/1/2020,PFHxS,109,,106,,,
OP81836,9/1/2020,PFHxS,109,,106,,,
OP81970,9/11/2020,PFHxS,96,,103,,,
OP81979,9/11/2020,PFHxS,102,,105,,,
OP82061,9/17/2020,PFHxS,96,,98,,,
OP82061,9/17/2020,PFHxS,96,,98,,,
OP82061,9/17/2020,PFHxS,96,,98,,,
OP82061,9/17/2020,PFHxS,96,,98,,,
OP82229,9/29/2020,PFHxS,89,,92,,,
OP75017,5/14/2019,PFHxA,97,,89,,,
OP75062,5/16/2019,PFHxA,98,,99,,,
OP75150,5/22/2019,PFHxA,103,,91,,,
OP75150,5/22/2019,PFHxA,103,,91,,,
OP75150,5/22/2019,PFHxA,103,,91,,,
OP75171,5/23/2019,PFHxA,91,,100,,,
OP75212,5/28/2019,PFHxA,106,,106,,,
OP75240,5/29/2019,PFHxA,96,,85,,,
OP75296,6/3/2019,PFHxA,100,,52,*,48,*
OP75356,6/7/2019,PFHxA,96,,87,,,
OP75408,6/11/2019,PFHxA,94,,95,,,
OP75416,6/12/2019,PFHxA,96,,104,,76,
OP75435,6/13/2019,PFHxA,91,,96,,,
OP75528,6/19/2019,PFHxA,97,,91,,,
OP75544,6/20/2019,PFHxA,101,,92,,,
OP75544,6/20/2019,PFHxA,101,,92,,,
OP75555,6/20/2019,PFHxA,88,,90,,,
OP75639,6/26/2019,PFHxA,102,,92,,,
OP75655,6/26/2019,PFHxA,96,,94,,,
OP75699,6/29/2019,PFHxA,87,,97,,,
OP75738,7/2/2019,PFHxA,97,,,,,
OP75769,7/5/2019,PFHxA,102,,88,,,
OP75792,7/8/2019,PFHxA,96,,90,,,
OP75844,7/10/2019,PFHxA,99,,-208,*,,
OP75862,7/11/2019,PFHxA,101,,99,,,
OP75894,7/15/2019,PFHxA,100,,105,,,
OP75989,7/19/2019,PFHxA,96,,98,,,
OP76027,7/23/2019,PFHxA,96,,98,,97,
OP76048,7/25/2019,PFHxA,100,,92,,,
OP76062,7/26/2019,PFHxA,96,,102,,98,
OP76155,8/1/2019,PFHxA,95,,99,,,
OP76226,8/6/2019,PFHxA,92,,96,,87,
OP76270,8/8/2019,PFHxA,95,,100,,,
OP76335,8/13/2019,PFHxA,105,,95,,,
OP76362,8/14/2019,PFHxA,104,,109,,,
OP76445,8/20/2019,PFHxA,103,,101,,92,
OP76488,8/22/2019,PFHxA,112,,109,,,
OP76509,8/23/2019,PFHxA,95,,107,,105,
OP76552,8/27/2019,PFHxA,112,,111,,,
OP76557,8/27/2019,PFHxA,104,,104,,,
OP76557,8/27/2019,PFHxA,102,,104,,,
OP76557,8/27/2019,PFHxA,92,,104,,,
OP76557,8/27/2019,PFHxA,100,,104,,,
OP76557,8/27/2019,PFHxA,99,,104,,,
OP76574,8/28/2019,PFHxA,91,,94,,94,
OP76674,9/5/2019,PFHxA,96,,96,,,
OP76705,9/6/2019,PFHxA,102,,,,,
OP76725,9/7/2019,PFHxA,89,,99,,,
OP76756,9/10/2019,PFHxA,89,,100,,,
OP76774,9/11/2019,PFHxA,96,,95,,,
OP76785,9/11/2019,PFHxA,99,,100,,,
OP76796,9/12/2019,PFHxA,97,,96,,,
OP76840,9/14/2019,PFHxA,88,,87,,,
OP76891,9/18/2019,PFHxA,89,,-213,*,,
OP76891,9/18/2019,PFHxA,98,,-213,*,,
OP76891,9/18/2019,PFHxA,98,,-213,*,,
OP76891,9/18/2019,PFHxA,89,,-213,*,,
OP76910,9/19/2019,PFHxA,94,,96,,,
OP76916,9/19/2019,PFHxA,85,,85,,,
OP76916,9/19/2019,PFHxA,85,,85,,,
OP76964,9/24/2019,PFHxA,94,,99,,,
OP76968,9/24/2019,PFHxA,105,,105,,,
OP77080,10/1/2019,PFHxA,105,,114,,,
OP77098,10/2/2019,PFHxA,98,,111,,,
OP77131,10/3/2019,PFHxA,96,,105,,106,
OP77167,10/5/2019,PFHxA,88,,-313,*,,
OP77185,10/8/2019,PFHxA,88,,91,,,
OP77372,10/22/2019,PFHxA,98,,94,,94,
OP77412,10/24/2019,PFHxA,82,,85,,,
OP77412,10/24/2019,PFHxA,82,,85,,,
OP77603,11/6/2019,PFHxA,101,,108,,,
OP77751,11/19/2019,PFHxA,91,,101,,,
OP77769,11/19/2019,PFHxA,95,,97,,,
OP77971,12/4/2019,PFHxA,92,,93,,,
OP77987,12/5/2019,PFHxA,93,,95,,110,
OP78102,12/12/2019,PFHxA,93,,,,,
OP78113,12/12/2019,PFHxA,93,,98,,,
OP78208,12/18/2019,PFHxA,102,,,,,
OP79239,3/4/2020,PFHxA,94,,100,,,
OP79312,3/9/2020,PFHxA,95,,94,,,
OP79327,3/10/2020,PFHxA,89,,89,,,
OP79535,3/25/2020,PFHxA,99,,103,,,
OP81003,7/9/2020,PFHxA,99,,101,,,
OP81064,7/14/2020,PFHxA,98,,106,,108,
OP81102,7/16/2020,PFHxA,99,,95,,,
OP81172,7/21/2020,PFHxA,92,,93,,,
OP81177,7/21/2020,PFHxA,99,,102,,,
OP81187,7/22/2020,PFHxA,90,,89,,,
OP81221,7/24/2020,PFHxA,98,,94,,,
OP81402,8/4/2020,PFHxA,98,,98,,100,
OP81420,8/5/2020,PFHxA,102,,106,,,
OP81424,8/5/2020,PFHxA,99,,92,,95,
OP81586,8/17/2020,PFHxA,83,,80,,,
OP81601,8/18/2020,PFHxA,98,,96,,,
OP81728,8/25/2020,PFHxA,96,,99,,,
OP81836,9/1/2020,PFHxA,111,,106,,,
OP81836,9/1/2020,PFHxA,111,,106,,,
OP81970,9/11/2020,PFHxA,98,,98,,,
OP81979,9/11/2020,PFHxA,100,,106,,,
OP82061,9/17/2020,PFHxA,101,,99,,,
OP82061,9/17/2020,PFHxA,110,,99,,,
OP82061,9/17/2020,PFHxA,110,,99,,,
OP82061,9/17/2020,PFHxA,101,,99,,,
OP82229,9/29/2020,PFHxA,94,,95,,,
OP75017,5/14/2019,PFNS,89,,75,,,
OP75062,5/16/2019,PFNS,87,,81,,,
OP75150,5/22/2019,PFNS,88,,64,*,,
OP75150,5/22/2019,PFNS,88,,64,*,,
OP75150,5/22/2019,PFNS,88,,64,*,,
OP75171,5/23/2019,PFNS,85,,90,,,
OP75212,5/28/2019,PFNS,98,,92,,,
OP75240,5/29/2019,PFNS,89,,84,,,
OP75296,6/3/2019,PFNS,92,,49,*,44,*
OP75356,6/7/2019,PFNS,83,,84,,,
OP75408,6/11/2019,PFNS,91,,88,,,
OP75416,6/12/2019,PFNS,92,,88,,77,
OP75435,6/13/2019,PFNS,90,,83,,,
OP75528,6/19/2019,PFNS,81,,70,,,
OP75544,6/20/2019,PFNS,92,,81,,,
OP75544,6/20/2019,PFNS,92,,81,,,
OP75555,6/20/2019,PFNS,87,,80,,,
OP75639,6/26/2019,PFNS,98,,85,,,
OP75655,6/26/2019,PFNS,77,,92,,,
OP75699,6/29/2019,PFNS,91,,86,,,
OP75738,7/2/2019,PFNS,85,,,,,
OP75769,7/5/2019,PFNS,90,,79,,,
OP75792,7/8/2019,PFNS,80,,69,*,,
OP75844,7/10/2019,PFNS,97,,86,,,
OP75862,7/11/2019,PFNS,80,,84,,,
OP75894,7/15/2019,PFNS,96,,92,,,
OP75989,7/19/2019,PFNS,77,,91,,,
OP76027,7/23/2019,PFNS,95,,125,,116,
OP76048,7/25/2019,PFNS,89,,74,,,
OP76062,7/26/2019,PFNS,89,,101,,82,
OP76155,8/1/2019,PFNS,82,,70,,,
OP76226,8/6/2019,PFNS,85,,87,,81,
OP76270,8/8/2019,PFNS,72,,75,,,
OP76335,8/13/2019,PFNS,96,,90,,,
OP76362,8/14/2019,PFNS,100,,102,,,
OP76445,8/20/2019,PFNS,94,,95,,87,
OP76488,8/22/2019,PFNS,111,,105,,,
OP76509,8/23/2019,PFNS,94,,100,,84,
OP76552,8/27/2019,PFNS,113,,110,,,
OP76557,8/27/2019,PFNS,103,,96,,,
OP76557,8/27/2019,PFNS,102,,96,,,
OP76557,8/27/2019,PFNS,101,,96,,,
OP76557,8/27/2019,PFNS,98,,96,,,
OP76557,8/27/2019,PFNS,91,,96,,,
OP76574,8/28/2019,PFNS,83,,92,,93,
OP76674,9/5/2019,PFNS,95,,94,,,
OP76705,9/6/2019,PFNS,103,,,,,
OP76725,9/7/2019,PFNS,80,,83,,,
OP76756,9/10/2019,PFNS,80,,95,,,
OP76774,9/11/2019,PFNS,97,,104,,,
OP76785,9/11/2019,PFNS,99,,101,,,
OP76796,9/12/2019,PFNS,98,,94,,,
OP76840,9/14/2019,PFNS,84,,83,,,
OP76891,9/18/2019,PFNS,83,,73,,,
OP76891,9/18/2019,PFNS,98,,73,,,
OP76891,9/18/2019,PFNS,98,,73,,,
OP76891,9/18/2019,PFNS,83,,73,,,
OP76910,9/19/2019,PFNS,92,,98,,,
OP76916,9/19/2019,PFNS,83,,84,,,
OP76916,9/19/2019,PFNS,83,,84,,,
OP76964,9/24/2019,PFNS,94,,95,,,
OP76968,9/24/2019,PFNS,104,,106,,,
OP77080,10/1/2019,PFNS,108,,118,,,
OP77098,10/2/2019,PFNS,102,,111,,,
OP77131,10/3/2019,PFNS,102,,108,,106,
OP77167,10/5/2019,PFNS,86,,0,*,,
OP77185,10/8/2019,PFNS,86,,87,,,
OP77372,10/22/2019,PFNS,98,,94,,96,
OP77412,10/24/2019,PFNS,81,,83,,,
OP77412,10/24/2019,PFNS,81,,83,,,
OP77603,11/6/2019,PFNS,98,,103,,,
OP77751,11/19/2019,PFNS,89,,99,,,
OP77769,11/19/2019,PFNS,94,,97,,,
OP77971,12/4/2019,PFNS,93,,93,,,
OP77987,12/5/2019,PFNS,93,,93,,105,
OP78102,12/12/2019,PFNS,88,,,,,
OP78113,12/12/2019,PFNS,89,,90,,,
OP78208,12/18/2019,PFNS,101,,,,,
OP79239,3/4/2020,PFNS,97,,92,,,
OP79312,3/9/2020,PFNS,96,,98,,,
OP79327,3/10/2020,PFNS,94,,110,,,
OP79535,3/25/2020,PFNS,96,,95,,,
OP81003,7/9/2020,PFNS,95,,99,,,
OP81064,7/14/2020,PFNS,87,,68,,72,
OP81102,7/16/2020,PFNS,94,,91,,,
OP81172,7/21/2020,PFNS,92,,94,,,
OP81177,7/21/2020,PFNS,82,,91,,,
OP81187,7/22/2020,PFNS,92,,90,,,
OP81221,7/24/2020,PFNS,106,,97,,,
OP81402,8/4/2020,PFNS,92,,92,,93,
OP81420,8/5/2020,PFNS,98,,101,,,
OP81424,8/5/2020,PFNS,97,,102,,105,
OP81586,8/17/2020,PFNS,85,,80,,,
OP81601,8/18/2020,PFNS,95,,95,,,
OP81728,8/25/2020,PFNS,89,,94,,,
OP81836,9/1/2020,PFNS,100,,94,,,
OP81836,9/1/2020,PFNS,100,,94,,,
OP81970,9/11/2020,PFNS,101,,93,,,
OP81979,9/11/2020,PFNS,104,,102,,,
OP82061,9/17/2020,PFNS,111,,97,,,
OP82061,9/17/2020,PFNS,111,,97,,,
OP82061,9/17/2020,PFNS,94,,97,,,
OP82061,9/17/2020,PFNS,94,,97,,,
OP82229,9/29/2020,PFNS,90,,93,,,
OP75017,5/14/2019,PFNA,99,,90,,,
OP75062,5/16/2019,PFNA,97,,100,,,
OP75150,5/22/2019,PFNA,104,,92,,,
OP75150,5/22/2019,PFNA,104,,92,,,
OP75150,5/22/2019,PFNA,104,,92,,,
OP75171,5/23/2019,PFNA,93,,100,,,
OP75212,5/28/2019,PFNA,106,,110,,,
OP75240,5/29/2019,PFNA,94,,83,,,
OP75296,6/3/2019,PFNA,101,,54,*,50,*
OP75356,6/7/2019,PFNA,95,,87,,,
OP75408,6/11/2019,PFNA,93,,96,,,
OP75416,6/12/2019,PFNA,96,,97,,87,
OP75435,6/13/2019,PFNA,93,,97,,,
OP75528,6/19/2019,PFNA,95,,87,,,
OP75544,6/20/2019,PFNA,98,,92,,,
OP75544,6/20/2019,PFNA,98,,92,,,
OP75555,6/20/2019,PFNA,88,,93,,,
OP75639,6/26/2019,PFNA,101,,88,,,
OP75655,6/26/2019,PFNA,96,,99,,,
OP75699,6/29/2019,PFNA,95,,98,,,
OP75738,7/2/2019,PFNA,100,,,,,
OP75769,7/5/2019,PFNA,105,,93,,,
OP75792,7/8/2019,PFNA,100,,94,,,
OP75844,7/10/2019,PFNA,100,,-13,*,,
OP75862,7/11/2019,PFNA,101,,100,,,
OP75894,7/15/2019,PFNA,96,,95,,,
OP75989,7/19/2019,PFNA,97,,100,,,
OP76027,7/23/2019,PFNA,102,,113,,107,
OP76048,7/25/2019,PFNA,101,,93,,,
OP76062,7/26/2019,PFNA,97,,105,,98,
OP76155,8/1/2019,PFNA,105,,109,,,
OP76226,8/6/2019,PFNA,99,,104,,97,
OP76270,8/8/2019,PFNA,94,,99,,,
OP76335,8/13/2019,PFNA,106,,98,,,
OP76362,8/14/2019,PFNA,102,,106,,,
OP76445,8/20/2019,PFNA,100,,101,,92,
OP76488,8/22/2019,PFNA,114,,107,,,
OP76509,8/23/2019,PFNA,92,,104,,103,
OP76552,8/27/2019,PFNA,108,,109,,,
OP76557,8/27/2019,PFNA,95,,103,,,
OP76557,8/27/2019,PFNA,97,,103,,,
OP76557,8/27/2019,PFNA,98,,103,,,
OP76557,8/27/2019,PFNA,90,,103,,,
OP76557,8/27/2019,PFNA,100,,103,,,
OP76574,8/28/2019,PFNA,95,,99,,99,
OP76674,9/5/2019,PFNA,93,,93,,,
OP76705,9/6/2019,PFNA,98,,,,,
OP76725,9/7/2019,PFNA,90,,97,,,
OP76756,9/10/2019,PFNA,90,,97,,,
OP76774,9/11/2019,PFNA,96,,99,,,
OP76785,9/11/2019,PFNA,97,,100,,,
OP76796,9/12/2019,PFNA,93,,93,,,
OP76840,9/14/2019,PFNA,89,,89,,,
OP76891,9/18/2019,PFNA,93,,40,*,,
OP76891,9/18/2019,PFNA,102,,40,*,,
OP76891,9/18/2019,PFNA,102,,40,*,,
OP76891,9/18/2019,PFNA,93,,40,*,,
OP76910,9/19/2019,PFNA,92,,96,,,
OP76916,9/19/2019,PFNA,90,,91,,,
OP76916,9/19/2019,PFNA,90,,91,,,
OP76964,9/24/2019,PFNA,95,,99,,,
OP76968,9/24/2019,PFNA,104,,106,,,
OP77080,10/1/2019,PFNA,109,,109,,,
OP77098,10/2/2019,PFNA,99,,107,,,
OP77131,10/3/2019,PFNA,97,,102,,101,
OP77167,10/5/2019,PFNA,90,,-281,*,,
OP77185,10/8/2019,PFNA,88,,89,,,
OP77372,10/22/2019,PFNA,98,,96,,98,
OP77412,10/24/2019,PFNA,82,,86,,,
OP77412,10/24/2019,PFNA,82,,86,,,
OP77603,11/6/2019,PFNA,98,,104,,,
OP77751,11/19/2019,PFNA,93,,102,,,
OP77769,11/19/2019,PFNA,96,,101,,,
OP77971,12/4/2019,PFNA,95,,95,,,
OP77987,12/5/2019,PFNA,94,,97,,110,
OP78102,12/12/2019,PFNA,94,,,,,
OP78113,12/12/2019,PFNA,91,,97,,,
OP78208,12/18/2019,PFNA,103,,,,,
OP79239,3/4/2020,PFNA,97,,103,,,
OP79312,3/9/2020,PFNA,100,,100,,,
OP79327,3/10/2020,PFNA,99,,100,,,
OP79535,3/25/2020,PFNA,98,,98,,,
OP81003,7/9/2020,PFNA,94,,94,,,
OP81064,7/14/2020,PFNA,99,,106,,108,
OP81102,7/16/2020,PFNA,98,,97,,,
OP81172,7/21/2020,PFNA,96,,98,,,
OP81177,7/21/2020,PFNA,97,,100,,,
OP81187,7/22/2020,PFNA,96,,94,,,
OP81221,7/24/2020,PFNA,102,,99,,,
OP81402,8/4/2020,PFNA,99,,101,,101,
OP81420,8/5/2020,PFNA,101,,106,,,
OP81424,8/5/2020,PFNA,100,,85,,90,
OP81586,8/17/2020,PFNA,86,,81,,,
OP81601,8/18/2020,PFNA,97,,97,,,
OP81728,8/25/2020,PFNA,94,,97,,,
OP81836,9/1/2020,PFNA,108,,104,,,
OP81836,9/1/2020,PFNA,108,,104,,,
OP81970,9/11/2020,PFNA,86,,101,,,
OP81979,9/11/2020,PFNA,99,,105,,,
OP82061,9/17/2020,PFNA,94,,99,,,
OP82061,9/17/2020,PFNA,94,,99,,,
OP82061,9/17/2020,PFNA,100,,99,,,
OP82061,9/17/2020,PFNA,100,,99,,,
OP82229,9/29/2020,PFNA,93,,94,,,
OP75017,5/14/2019,PFOS,95,,85,,,
OP75062,5/16/2019,PFOS,91,,94,,,
OP75150,5/22/2019,PFOS,93,,83,,,
OP75150,5/22/2019,PFOS,93,,83,,,
OP75150,5/22/2019,PFOS,93,,83,,,
OP75171,5/23/2019,PFOS,89,,98,,,
OP75212,5/28/2019,PFOS,106,,110,,,
OP75240,5/29/2019,PFOS,90,,79,,,
OP75296,6/3/2019,PFOS,97,,60,*,46,*
OP75356,6/7/2019,PFOS,93,,66,*,,
OP75408,6/11/2019,PFOS,90,,97,,,
OP75416,6/12/2019,PFOS,93,,92,,81,
OP75435,6/13/2019,PFOS,85,,94,,,
OP75528,6/19/2019,PFOS,96,,80,,,
OP75544,6/20/2019,PFOS,92,,87,,,
OP75544,6/20/2019,PFOS,92,,87,,,
OP75555,6/20/2019,PFOS,93,,118,,,
OP75639,6/26/2019,PFOS,94,,85,,,
OP75655,6/26/2019,PFOS,104,,105,,,
OP75699,6/29/2019,PFOS,94,,69,*,,
OP75738,7/2/2019,PFOS,90,,,,,
OP75769,7/5/2019,PFOS,96,,90,,,
OP75792,7/8/2019,PFOS,91,,87,,,
OP75844,7/10/2019,PFOS,100,,-780,*,,
OP75862,7/11/2019,PFOS,104,,99,,,
OP75894,7/15/2019,PFOS,94,,94,,,
OP75989,7/19/2019,PFOS,98,,100,,,
OP76027,7/23/2019,PFOS,114,,125,,130,
OP76048,7/25/2019,PFOS,101,,95,,,
OP76062,7/26/2019,PFOS,95,,107,,100,
OP76155,8/1/2019,PFOS,101,,99,,,
OP76226,8/6/2019,PFOS,89,,92,,85,
OP76270,8/8/2019,PFOS,98,,102,,,
OP76335,8/13/2019,PFOS,100,,93,,,
OP76362,8/14/2019,PFOS,105,,104,,,
OP76445,8/20/2019,PFOS,101,,103,,91,
OP76488,8/22/2019,PFOS,116,,115,,,
OP76509,8/23/2019,PFOS,100,,108,,109,
OP76552,8/27/2019,PFOS,115,,114,,,
OP76557,8/27/2019,PFOS,93,,108,,,
OP76557,8/27/2019,PFOS,100,,108,,,
OP76557,8/27/2019,PFOS,102,,108,,,
OP76557,8/27/2019,PFOS,107,,108,,,
OP76557,8/27/2019,PFOS,101,,108,,,
OP76574,8/28/2019,PFOS,97,,99,,101,
OP76674,9/5/2019,PFOS,96,,96,,,
OP76705,9/6/2019,PFOS,98,,,,,
OP76725,9/7/2019,PFOS,81,,90,,,
OP76756,9/10/2019,PFOS,80,,98,,,
OP76774,9/11/2019,PFOS,98,,96,,,
OP76785,9/11/2019,PFOS,101,,100,,,
OP76796,9/12/2019,PFOS,96,,92,,,
OP76840,9/14/2019,PFOS,86,,85,,,
OP76891,9/18/2019,PFOS,98,,-388,*,,
OP76891,9/18/2019,PFOS,98,,-388,*,,
OP76891,9/18/2019,PFOS,96,,-388,*,,
OP76891,9/18/2019,PFOS,96,,-388,*,,
OP76910,9/19/2019,PFOS,91,,98,,,
OP76916,9/19/2019,PFOS,87,,83,,,
OP76916,9/19/2019,PFOS,87,,83,,,
OP76964,9/24/2019,PFOS,95,,98,,,
OP76968,9/24/2019,PFOS,103,,104,,,
OP77080,10/1/2019,PFOS,105,,129,,,
OP77098,10/2/2019,PFOS,99,,103,,,
OP77131,10/3/2019,PFOS,100,,104,,104,
OP77167,10/5/2019,PFOS,89,,-33750,*,,
OP77185,10/8/2019,PFOS,87,,96,,,
OP77372,10/22/2019,PFOS,100,,97,,98,
OP77412,10/24/2019,PFOS,83,,87,,,
OP77412,10/24/2019,PFOS,83,,87,,,
OP77603,11/6/2019,PFOS,99,,103,,,
OP77751,11/19/2019,PFOS,98,,107,,,
OP77769,11/19/2019,PFOS,103,,106,,,
OP77971,12/4/2019,PFOS,93,,103,,,
OP77987,12/5/2019,PFOS,94,,97,,105,
OP78102,12/12/2019,PFOS,92,,,,,
OP78113,12/12/2019,PFOS,89,,95,,,
OP78208,12/18/2019,PFOS,98,,,,,
OP79239,3/4/2020,PFOS,98,,101,,,
OP79312,3/9/2020,PFOS,99,,99,,,
OP79327,3/10/2020,PFOS,93,,97,,,
OP79535,3/25/2020,PFOS,96,,100,,,
OP81003,7/9/2020,PFOS,91,,90,,,
OP81064,7/14/2020,PFOS,98,,109,,115,
OP81102,7/16/2020,PFOS,100,,103,,,
OP81172,7/21/2020,PFOS,95,,98,,,
OP81177,7/21/2020,PFOS,94,,103,,,
OP81187,7/22/2020,PFOS,93,,87,,,
OP81221,7/24/2020,PFOS,102,,100,,,
OP81402,8/4/2020,PFOS,98,,97,,97,
OP81420,8/5/2020,PFOS,99,,100,,,
OP81424,8/5/2020,PFOS,96,,78,,46,*
OP81586,8/17/2020,PFOS,85,,63,*,,
OP81601,8/18/2020,PFOS,87,,88,,,
OP81728,8/25/2020,PFOS,94,,95,,,
OP81836,9/1/2020,PFOS,109,,110,,,
OP81836,9/1/2020,PFOS,109,,110,,,
OP81970,9/11/2020,PFOS,92,,98,,,
OP81979,9/11/2020,PFOS,99,,104,,,
OP82061,9/17/2020,PFOS,100,,99,,,
OP82061,9/17/2020,PFOS,99,,99,,,
OP82061,9/17/2020,PFOS,99,,99,,,
OP82061,9/17/2020,PFOS,100,,99,,,
OP82229,9/29/2020,PFOS,90,,87,,,
OP75017,5/14/2019,PFOA,99,,91,,,
OP75062,5/16/2019,PFOA,99,,106,,,
OP75150,5/22/2019,PFOA,106,,93,,,
OP75150,5/22/2019,PFOA,106,,93,,,
OP75150,5/22/2019,PFOA,106,,93,,,
OP75171,5/23/2019,PFOA,97,,103,,,
OP75212,5/28/2019,PFOA,110,,114,,,
OP75240,5/29/2019,PFOA,97,,86,,,
OP75296,6/3/2019,PFOA,101,,53,*,49,*
OP75356,6/7/2019,PFOA,97,,87,,,
OP75408,6/11/2019,PFOA,94,,96,,,
OP75416,6/12/2019,PFOA,98,,95,,83,
OP75435,6/13/2019,PFOA,90,,93,,,
OP75528,6/19/2019,PFOA,100,,93,,,
OP75544,6/20/2019,PFOA,99,,93,,,
OP75544,6/20/2019,PFOA,99,,93,,,
OP75555,6/20/2019,PFOA,91,,96,,,
OP75639,6/26/2019,PFOA,99,,91,,,
OP75655,6/26/2019,PFOA,96,,97,,,
OP75699,6/29/2019,PFOA,89,,92,,,
OP75738,7/2/2019,PFOA,95,,,,,
OP75769,7/5/2019,PFOA,103,,86,,,
OP75792,7/8/2019,PFOA,101,,94,,,
OP75844,7/10/2019,PFOA,97,,-97,*,,
OP75862,7/11/2019,PFOA,100,,96,,,
OP75894,7/15/2019,PFOA,97,,106,,,
OP75989,7/19/2019,PFOA,98,,102,,,
OP76027,7/23/2019,PFOA,100,,105,,103,
OP76048,7/25/2019,PFOA,101,,92,,,
OP76062,7/26/2019,PFOA,98,,103,,101,
OP76155,8/1/2019,PFOA,95,,100,,,
OP76226,8/6/2019,PFOA,93,,97,,89,
OP76270,8/8/2019,PFOA,95,,100,,,
OP76335,8/13/2019,PFOA,105,,97,,,
OP76362,8/14/2019,PFOA,104,,108,,,
OP76445,8/20/2019,PFOA,104,,102,,93,
OP76488,8/22/2019,PFOA,111,,106,,,
OP76509,8/23/2019,PFOA,92,,103,,103,
OP76552,8/27/2019,PFOA,109,,110,,,
OP76557,8/27/2019,PFOA,98,,103,,,
OP76557,8/27/2019,PFOA,90,,103,,,
OP76557,8/27/2019,PFOA,98,,103,,,
OP76557,8/27/2019,PFOA,98,,103,,,
OP76557,8/27/2019,PFOA,101,,103,,,
OP76574,8/28/2019,PFOA,94,,97,,98,
OP76674,9/5/2019,PFOA,97,,103,,,
OP76705,9/6/2019,PFOA,101,,,,,
OP76725,9/7/2019,PFOA,91,,98,,,
OP76756,9/10/2019,PFOA,92,,101,,,
OP76774,9/11/2019,PFOA,97,,97,,,
OP76785,9/11/2019,PFOA,99,,101,,,
OP76796,9/12/2019,PFOA,95,,95,,,
OP76840,9/14/2019,PFOA,88,,91,,,
OP76891,9/18/2019,PFOA,96,,-23,*,,
OP76891,9/18/2019,PFOA,98,,-23,*,,
OP76891,9/18/2019,PFOA,98,,-23,*,,
OP76891,9/18/2019,PFOA,96,,-23,*,,
OP76910,9/19/2019,PFOA,92,,98,,,
OP76916,9/19/2019,PFOA,87,,86,,,
OP76916,9/19/2019,PFOA,87,,86,,,
OP76964,9/24/2019,PFOA,95,,100,,,
OP76968,9/24/2019,PFOA,99,,101,,,
OP77080,10/1/2019,PFOA,106,,130,,,
OP77098,10/2/2019,PFOA,96,,108,,,
OP77131,10/3/2019,PFOA,96,,101,,102,
OP77167,10/5/2019,PFOA,88,,-250,*,,
OP77185,10/8/2019,PFOA,89,,94,,,
OP77372,10/22/2019,PFOA,100,,98,,99,
OP77412,10/24/2019,PFOA,81,,86,,,
OP77412,10/24/2019,PFOA,81,,86,,,
OP77603,11/6/2019,PFOA,99,,104,,,
OP77751,11/19/2019,PFOA,96,,103,,,
OP77769,11/19/2019,PFOA,99,,105,,,
OP77971,12/4/2019,PFOA,95,,97,,,
OP77987,12/5/2019,PFOA,94,,99,,112,
OP78102,12/12/2019,PFOA,95,,,,,
OP78113,12/12/2019,PFOA,91,,98,,,
OP78208,12/18/2019,PFOA,101,,,,,
OP79239,3/4/2020,PFOA,94,,99,,,
OP79312,3/9/2020,PFOA,101,,104,,,
OP79327,3/10/2020,PFOA,94,,98,,,
OP79535,3/25/2020,PFOA,98,,100,,,
OP81003,7/9/2020,PFOA,99,,100,,,
OP81064,7/14/2020,PFOA,101,,108,,117,
OP81102,7/16/2020,PFOA,99,,93,,,
OP81172,7/21/2020,PFOA,93,,94,,,
OP81177,7/21/2020,PFOA,98,,101,,,
OP81187,7/22/2020,PFOA,92,,91,,,
OP81221,7/24/2020,PFOA,101,,101,,,
OP81402,8/4/2020,PFOA,101,,103,,104,
OP81420,8/5/2020,PFOA,99,,103,,,
OP81424,8/5/2020,PFOA,97,,45,*,47,*
OP81586,8/17/2020,PFOA,84,,79,,,
OP81601,8/18/2020,PFOA,100,,101,,,
OP81728,8/25/2020,PFOA,93,,95,,,
OP81836,9/1/2020,PFOA,107,,85,,,
OP81836,9/1/2020,PFOA,107,,85,,,
OP81970,9/11/2020,PFOA,97,,102,,,
OP81979,9/11/2020,PFOA,100,,103,,,
OP82061,9/17/2020,PFOA,105,,97,,,
OP82061,9/17/2020,PFOA,99,,97,,,
OP82061,9/17/2020,PFOA,105,,97,,,
OP82061,9/17/2020,PFOA,99,,97,,,
OP82229,9/29/2020,PFOA,92,,93,,,
OP75017,5/14/2019,PFPeS,98,,89,,,
OP75062,5/16/2019,PFPeS,97,,95,,,
OP75150,5/22/2019,PFPeS,99,,89,,,
OP75150,5/22/2019,PFPeS,99,,89,,,
OP75150,5/22/2019,PFPeS,99,,89,,,
OP75171,5/23/2019,PFPeS,96,,103,,,
OP75212,5/28/2019,PFPeS,113,,116,,,
OP75240,5/29/2019,PFPeS,94,,84,,,
OP75296,6/3/2019,PFPeS,102,,60,*,54,*
OP75356,6/7/2019,PFPeS,100,,94,,,
OP75408,6/11/2019,PFPeS,93,,97,,,
OP75416,6/12/2019,PFPeS,97,,99,,88,
OP75435,6/13/2019,PFPeS,92,,97,,,
OP75528,6/19/2019,PFPeS,97,,91,,,
OP75544,6/20/2019,PFPeS,102,,93,,,
OP75544,6/20/2019,PFPeS,102,,93,,,
OP75555,6/20/2019,PFPeS,89,,84,,,
OP75639,6/26/2019,PFPeS,106,,98,,,
OP75655,6/26/2019,PFPeS,97,,100,,,
OP75699,6/29/2019,PFPeS,88,,88,,,
OP75738,7/2/2019,PFPeS,99,,,,,
OP75769,7/5/2019,PFPeS,104,,94,,,
OP75792,7/8/2019,PFPeS,99,,94,,,
OP75844,7/10/2019,PFPeS,100,,142,*,,
OP75862,7/11/2019,PFPeS,101,,96,,,
OP75894,7/15/2019,PFPeS,100,,102,,,
OP75989,7/19/2019,PFPeS,97,,104,,,
OP76027,7/23/2019,PFPeS,95,,99,,97,
OP76048,7/25/2019,PFPeS,103,,93,,,
OP76062,7/26/2019,PFPeS,100,,105,,104,
OP76155,8/1/2019,PFPeS,102,,110,,,
OP76226,8/6/2019,PFPeS,101,,104,,95,
OP76270,8/8/2019,PFPeS,96,,100,,,
OP76335,8/13/2019,PFPeS,106,,97,,,
OP76362,8/14/2019,PFPeS,104,,108,,,
OP76445,8/20/2019,PFPeS,103,,103,,95,
OP76488,8/22/2019,PFPeS,109,,104,,,
OP76509,8/23/2019,PFPeS,92,,107,,105,
OP76552,8/27/2019,PFPeS,109,,111,,,
OP76557,8/27/2019,PFPeS,105,,105,,,
OP76557,8/27/2019,PFPeS,94,,105,,,
OP76557,8/27/2019,PFPeS,101,,105,,,
OP76557,8/27/2019,PFPeS,98,,105,,,
OP76557,8/27/2019,PFPeS,102,,105,,,
OP76574,8/28/2019,PFPeS,93,,96,,95,
OP76674,9/5/2019,PFPeS,97,,98,,,
OP76705,9/6/2019,PFPeS,108,,,,,
OP76725,9/7/2019,PFPeS,95,,104,,,
OP76756,9/10/2019,PFPeS,96,,104,,,
OP76774,9/11/2019,PFPeS,98,,96,,,
OP76785,9/11/2019,PFPeS,97,,104,,,
OP76796,9/12/2019,PFPeS,100,,101,,,
OP76840,9/14/2019,PFPeS,88,,93,,,
OP76891,9/18/2019,PFPeS,100,,97,,,
OP76891,9/18/2019,PFPeS,100,,97,,,
OP76891,9/18/2019,PFPeS,90,,97,,,
OP76891,9/18/2019,PFPeS,90,,97,,,
OP76910,9/19/2019,PFPeS,93,,98,,,
OP76916,9/19/2019,PFPeS,90,,90,,,
OP76916,9/19/2019,PFPeS,90,,90,,,
OP76964,9/24/2019,PFPeS,96,,102,,,
OP76968,9/24/2019,PFPeS,110,,112,,,
OP77080,10/1/2019,PFPeS,106,,130,,,
OP77098,10/2/2019,PFPeS,99,,109,,,
OP77131,10/3/2019,PFPeS,97,,108,,109,
OP77167,10/5/2019,PFPeS,98,,-1250,*,,
OP77185,10/8/2019,PFPeS,89,,94,,,
OP77372,10/22/2019,PFPeS,98,,98,,98,
OP77412,10/24/2019,PFPeS,83,,88,,,
OP77412,10/24/2019,PFPeS,83,,88,,,
OP77603,11/6/2019,PFPeS,104,,111,,,
OP77751,11/19/2019,PFPeS,91,,100,,,
OP77769,11/19/2019,PFPeS,97,,101,,,
OP77971,12/4/2019,PFPeS,95,,94,,,
OP77987,12/5/2019,PFPeS,97,,98,,108,
OP78102,12/12/2019,PFPeS,97,,,,,
OP78113,12/12/2019,PFPeS,97,,99,,,
OP78208,12/18/2019,PFPeS,104,,,,,
OP79239,3/4/2020,PFPeS,99,,99,,,
OP79312,3/9/2020,PFPeS,100,,92,,,
OP79327,3/10/2020,PFPeS,95,,98,,,
OP79535,3/25/2020,PFPeS,99,,101,,,
OP81003,7/9/2020,PFPeS,99,,101,,,
OP81064,7/14/2020,PFPeS,98,,103,,105,
OP81102,7/16/2020,PFPeS,98,,97,,,
OP81172,7/21/2020,PFPeS,95,,99,,,
OP81177,7/21/2020,PFPeS,99,,102,,,
OP81187,7/22/2020,PFPeS,94,,93,,,
OP81221,7/24/2020,PFPeS,89,,87,,,
OP81402,8/4/2020,PFPeS,99,,103,,103,
OP81420,8/5/2020,PFPeS,98,,100,,,
OP81424,8/5/2020,PFPeS,96,,88,,92,
OP81586,8/17/2020,PFPeS,86,,83,,,
OP81601,8/18/2020,PFPeS,93,,94,,,
OP81728,8/25/2020,PFPeS,95,,97,,,
OP81836,9/1/2020,PFPeS,111,,112,,,
OP81836,9/1/2020,PFPeS,111,,112,,,
OP81970,9/11/2020,PFPeS,87,,105,,,
OP81979,9/11/2020,PFPeS,106,,108,,,
OP82061,9/17/2020,PFPeS,101,,100,,,
OP82061,9/17/2020,PFPeS,98,,100,,,
OP82061,9/17/2020,PFPeS,98,,100,,,
OP82061,9/17/2020,PFPeS,101,,100,,,
OP82229,9/29/2020,PFPeS,97,,97,,,
OP75017,5/14/2019,PFPeA,98,,91,,,
OP75062,5/16/2019,PFPeA,99,,99,,,
OP75150,5/22/2019,PFPeA,96,,86,,,
OP75150,5/22/2019,PFPeA,96,,86,,,
OP75150,5/22/2019,PFPeA,96,,86,,,
OP75171,5/23/2019,PFPeA,91,,99,,,
OP75212,5/28/2019,PFPeA,110,,110,,,
OP75240,5/29/2019,PFPeA,90,,80,,,
OP75296,6/3/2019,PFPeA,97,,54,*,48,*
OP75356,6/7/2019,PFPeA,97,,88,,,
OP75408,6/11/2019,PFPeA,89,,91,,,
OP75416,6/12/2019,PFPeA,93,,100,,74,
OP75435,6/13/2019,PFPeA,94,,98,,,
OP75528,6/19/2019,PFPeA,98,,92,,,
OP75544,6/20/2019,PFPeA,96,,90,,,
OP75544,6/20/2019,PFPeA,96,,90,,,
OP75555,6/20/2019,PFPeA,88,,92,,,
OP75639,6/26/2019,PFPeA,97,,94,,,
OP75655,6/26/2019,PFPeA,95,,95,,,
OP75699,6/29/2019,PFPeA,91,,96,,,
OP75738,7/2/2019,PFPeA,95,,,,,
OP75769,7/5/2019,PFPeA,115,,97,,,
OP75792,7/8/2019,PFPeA,106,,100,,,
OP75844,7/10/2019,PFPeA,99,,351,*,,
OP75862,7/11/2019,PFPeA,100,,96,,,
OP75894,7/15/2019,PFPeA,95,,94,,,
OP75989,7/19/2019,PFPeA,96,,100,,,
OP76027,7/23/2019,PFPeA,104,,108,,106,
OP76048,7/25/2019,PFPeA,100,,92,,,
OP76062,7/26/2019,PFPeA,96,,102,,101,
OP76155,8/1/2019,PFPeA,104,,111,,,
OP76226,8/6/2019,PFPeA,101,,108,,100,
OP76270,8/8/2019,PFPeA,95,,100,,,
OP76335,8/13/2019,PFPeA,105,,97,,,
OP76362,8/14/2019,PFPeA,100,,104,,,
OP76445,8/20/2019,PFPeA,101,,100,,89,
OP76488,8/22/2019,PFPeA,113,,108,,,
OP76509,8/23/2019,PFPeA,89,,104,,102,
OP76552,8/27/2019,PFPeA,106,,107,,,
OP76557,8/27/2019,PFPeA,94,,98,,,
OP76557,8/27/2019,PFPeA,98,,98,,,
OP76557,8/27/2019,PFPeA,88,,98,,,
OP76557,8/27/2019,PFPeA,93,,98,,,
OP76557,8/27/2019,PFPeA,94,,98,,,
OP76574,8/28/2019,PFPeA,97,,99,,100,
OP76674,9/5/2019,PFPeA,96,,97,,,
OP76705,9/6/2019,PFPeA,94,,,,,
OP76725,9/7/2019,PFPeA,91,,101,,,
OP76756,9/10/2019,PFPeA,92,,98,,,
OP76774,9/11/2019,PFPeA,100,,100,,,
OP76785,9/11/2019,PFPeA,101,,104,,,
OP76796,9/12/2019,PFPeA,89,,88,,,
OP76840,9/14/2019,PFPeA,90,,90,,,
OP76891,9/18/2019,PFPeA,103,,-350,*,,
OP76891,9/18/2019,PFPeA,103,,-350,*,,
OP76891,9/18/2019,PFPeA,100,,-350,*,,
OP76891,9/18/2019,PFPeA,100,,-350,*,,
OP76910,9/19/2019,PFPeA,92,,96,,,
OP76916,9/19/2019,PFPeA,89,,88,,,
OP76916,9/19/2019,PFPeA,89,,88,,,
OP76964,9/24/2019,PFPeA,94,,98,,,
OP76968,9/24/2019,PFPeA,102,,103,,,
OP77080,10/1/2019,PFPeA,107,,114,,,
OP77098,10/2/2019,PFPeA,96,,106,,,
OP77131,10/3/2019,PFPeA,95,,103,,103,
OP77167,10/5/2019,PFPeA,84,,12,*,,
OP77185,10/8/2019,PFPeA,88,,91,,,
OP77372,10/22/2019,PFPeA,96,,94,,95,
OP77412,10/24/2019,PFPeA,80,,82,,,
OP77412,10/24/2019,PFPeA,80,,82,,,
OP77603,11/6/2019,PFPeA,93,,98,,,
OP77751,11/19/2019,PFPeA,88,,94,,,
OP77769,11/19/2019,PFPeA,90,,97,,,
OP77971,12/4/2019,PFPeA,94,,96,,,
OP77987,12/5/2019,PFPeA,95,,98,,113,
OP78102,12/12/2019,PFPeA,95,,,,,
OP78113,12/12/2019,PFPeA,90,,100,,,
OP78208,12/18/2019,PFPeA,100,,,,,
OP79239,3/4/2020,PFPeA,98,,98,,,
OP79312,3/9/2020,PFPeA,102,,103,,,
OP79327,3/10/2020,PFPeA,106,,98,,,
OP79535,3/25/2020,PFPeA,95,,96,,,
OP81003,7/9/2020,PFPeA,94,,95,,,
OP81064,7/14/2020,PFPeA,100,,108,,113,
OP81102,7/16/2020,PFPeA,96,,94,,,
OP81172,7/21/2020,PFPeA,94,,96,,,
OP81177,7/21/2020,PFPeA,94,,96,,,
OP81187,7/22/2020,PFPeA,92,,92,,,
OP81221,7/24/2020,PFPeA,104,,96,,,
OP81402,8/4/2020,PFPeA,97,,100,,101,
OP81420,8/5/2020,PFPeA,97,,100,,,
OP81424,8/5/2020,PFPeA,95,,88,,90,
OP81586,8/17/2020,PFPeA,85,,83,,,
OP81601,8/18/2020,PFPeA,94,,93,,,
OP81728,8/25/2020,PFPeA,94,,96,,,
OP81836,9/1/2020,PFPeA,99,,97,,,
OP81836,9/1/2020,PFPeA,99,,97,,,
OP81970,9/11/2020,PFPeA,87,,104,,,
OP81979,9/11/2020,PFPeA,106,,111,,,
OP82061,9/17/2020,PFPeA,98,,99,,,
OP82061,9/17/2020,PFPeA,92,,99,,,
OP82061,9/17/2020,PFPeA,98,,99,,,
OP82061,9/17/2020,PFPeA,92,,99,,,
OP82229,9/29/2020,PFPeA,91,,93,,,
OP75017,5/14/2019,PFTeDA,103,,100,,,
OP75062,5/16/2019,PFTeDA,97,,100,,,
OP75150,5/22/2019,PFTeDA,104,,92,,,
OP75150,5/22/2019,PFTeDA,104,,92,,,
OP75150,5/22/2019,PFTeDA,104,,92,,,
OP75171,5/23/2019,PFTeDA,97,,102,,,
OP75212,5/28/2019,PFTeDA,112,,117,,,
OP75240,5/29/2019,PFTeDA,100,,88,,,
OP75296,6/3/2019,PFTeDA,105,,59,*,52,*
OP75356,6/7/2019,PFTeDA,104,,97,,,
OP75408,6/11/2019,PFTeDA,102,,110,,,
OP75416,6/12/2019,PFTeDA,104,,105,,95,
OP75435,6/13/2019,PFTeDA,95,,99,,,
OP75528,6/19/2019,PFTeDA,96,,91,,,
OP75544,6/20/2019,PFTeDA,98,,92,,,
OP75544,6/20/2019,PFTeDA,98,,92,,,
OP75555,6/20/2019,PFTeDA,93,,95,,,
OP75639,6/26/2019,PFTeDA,95,,91,,,
OP75655,6/26/2019,PFTeDA,114,,108,,,
OP75699,6/29/2019,PFTeDA,90,,94,,,
OP75738,7/2/2019,PFTeDA,97,,,,,
OP75769,7/5/2019,PFTeDA,107,,91,,,
OP75792,7/8/2019,PFTeDA,98,,91,,,
OP75844,7/10/2019,PFTeDA,96,,122,,,
OP75862,7/11/2019,PFTeDA,117,,105,,,
OP75894,7/15/2019,PFTeDA,100,,100,,,
OP75989,7/19/2019,PFTeDA,116,,108,,,
OP76027,7/23/2019,PFTeDA,118,,130,,145,*
OP76048,7/25/2019,PFTeDA,110,,95,,,
OP76062,7/26/2019,PFTeDA,96,,104,,109,
OP76155,8/1/2019,PFTeDA,114,,110,,,
OP76226,8/6/2019,PFTeDA,89,,91,,88,
OP76270,8/8/2019,PFTeDA,97,,120,,,
OP76335,8/13/2019,PFTeDA,104,,97,,,
OP76362,8/14/2019,PFTeDA,102,,106,,,
OP76445,8/20/2019,PFTeDA,103,,105,,96,
OP76488,8/22/2019,PFTeDA,116,,109,,,
OP76509,8/23/2019,PFTeDA,94,,108,,110,
OP76552,8/27/2019,PFTeDA,111,,111,,,
OP76557,8/27/2019,PFTeDA,94,,112,,,
OP76557,8/27/2019,PFTeDA,104,,112,,,
OP76557,8/27/2019,PFTeDA,100,,112,,,
OP76557,8/27/2019,PFTeDA,101,,112,,,
OP76557,8/27/2019,PFTeDA,103,,112,,,
OP76574,8/28/2019,PFTeDA,89,,99,,102,
OP76674,9/5/2019,PFTeDA,94,,96,,,
OP76705,9/6/2019,PFTeDA,102,,,,,
OP76725,9/7/2019,PFTeDA,90,,95,,,
OP76756,9/10/2019,PFTeDA,88,,97,,,
OP76774,9/11/2019,PFTeDA,100,,96,,,
OP76785,9/11/2019,PFTeDA,99,,103,,,
OP76796,9/12/2019,PFTeDA,98,,95,,,
OP76840,9/14/2019,PFTeDA,92,,91,,,
OP76891,9/18/2019,PFTeDA,102,,97,,,
OP76891,9/18/2019,PFTeDA,97,,97,,,
OP76891,9/18/2019,PFTeDA,97,,97,,,
OP76891,9/18/2019,PFTeDA,102,,97,,,
OP76910,9/19/2019,PFTeDA,96,,101,,,
OP76916,9/19/2019,PFTeDA,92,,89,,,
OP76916,9/19/2019,PFTeDA,92,,89,,,
OP76964,9/24/2019,PFTeDA,99,,101,,,
OP76968,9/24/2019,PFTeDA,105,,107,,,
OP77080,10/1/2019,PFTeDA,109,,117,,,
OP77098,10/2/2019,PFTeDA,97,,106,,,
OP77131,10/3/2019,PFTeDA,95,,100,,101,
OP77167,10/5/2019,PFTeDA,88,,0,*,,
OP77185,10/8/2019,PFTeDA,90,,93,,,
OP77372,10/22/2019,PFTeDA,99,,99,,103,
OP77412,10/24/2019,PFTeDA,84,,88,,,
OP77412,10/24/2019,PFTeDA,84,,88,,,
OP77603,11/6/2019,PFTeDA,101,,105,,,
OP77751,11/19/2019,PFTeDA,91,,101,,,
OP77769,11/19/2019,PFTeDA,93,,97,,,
OP77971,12/4/2019,PFTeDA,97,,98,,,
OP77987,12/5/2019,PFTeDA,94,,101,,123,
OP78102,12/12/2019,PFTeDA,93,,,,,
OP78113,12/12/2019,PFTeDA,100,,112,,,
OP78208,12/18/2019,PFTeDA,105,,,,,
OP79239,3/4/2020,PFTeDA,96,,102,,,
OP79312,3/9/2020,PFTeDA,102,,103,,,
OP79327,3/10/2020,PFTeDA,95,,99,,,
OP79535,3/25/2020,PFTeDA,97,,100,,,
OP81003,7/9/2020,PFTeDA,90,,93,,,
OP81064,7/14/2020,PFTeDA,101,,103,,109,
OP81102,7/16/2020,PFTeDA,98,,98,,,
OP81172,7/21/2020,PFTeDA,97,,97,,,
OP81177,7/21/2020,PFTeDA,93,,96,,,
OP81187,7/22/2020,PFTeDA,95,,92,,,
OP81221,7/24/2020,PFTeDA,103,,100,,,
OP81402,8/4/2020,PFTeDA,103,,101,,101,
OP81420,8/5/2020,PFTeDA,95,,99,,,
OP81424,8/5/2020,PFTeDA,94,,89,,92,
OP81586,8/17/2020,PFTeDA,82,,81,,,
OP81601,8/18/2020,PFTeDA,95,,98,,,
OP81728,8/25/2020,PFTeDA,95,,100,,,
OP81836,9/1/2020,PFTeDA,104,,103,,,
OP81836,9/1/2020,PFTeDA,104,,103,,,
OP81970,9/11/2020,PFTeDA,86,,106,,,
OP81979,9/11/2020,PFTeDA,106,,111,,,
OP82061,9/17/2020,PFTeDA,99,,99,,,
OP82061,9/17/2020,PFTeDA,95,,99,,,
OP82061,9/17/2020,PFTeDA,99,,99,,,
OP82061,9/17/2020,PFTeDA,95,,99,,,
OP82229,9/29/2020,PFTeDA,99,,103,,,
OP75017,5/14/2019,PFTrDA,97,,93,,,
OP75062,5/16/2019,PFTrDA,87,,92,,,
OP75150,5/22/2019,PFTrDA,85,,74,,,
OP75150,5/22/2019,PFTrDA,85,,74,,,
OP75150,5/22/2019,PFTrDA,85,,74,,,
OP75171,5/23/2019,PFTrDA,145,*,123,,,
OP75212,5/28/2019,PFTrDA,128,,129,,,
OP75240,5/29/2019,PFTrDA,86,,74,,,
OP75296,6/3/2019,PFTrDA,119,,76,,64,*
OP75356,6/7/2019,PFTrDA,110,,118,,,
OP75408,6/11/2019,PFTrDA,120,,117,,,
OP75416,6/12/2019,PFTrDA,129,,122,,110,
OP75435,6/13/2019,PFTrDA,105,,90,,,
OP75528,6/19/2019,PFTrDA,98,,86,,,
OP75544,6/20/2019,PFTrDA,97,,96,,,
OP75544,6/20/2019,PFTrDA,97,,96,,,
OP75555,6/20/2019,PFTrDA,90,,93,,,
OP75639,6/26/2019,PFTrDA,126,,116,,,
OP75655,6/26/2019,PFTrDA,109,,103,,,
OP75699,6/29/2019,PFTrDA,79,,79,,,
OP75738,7/2/2019,PFTrDA,88,,,,,
OP75769,7/5/2019,PFTrDA,102,,91,,,
OP75792,7/8/2019,PFTrDA,100,,93,,,
OP75844,7/10/2019,PFTrDA,102,,57,*,,
OP75862,7/11/2019,PFTrDA,128,,102,,,
OP75894,7/15/2019,PFTrDA,104,,106,,,
OP75989,7/19/2019,PFTrDA,117,,110,,,
OP76027,7/23/2019,PFTrDA,110,,120,,134,
OP76048,7/25/2019,PFTrDA,109,,88,,,
OP76062,7/26/2019,PFTrDA,96,,103,,110,
OP76155,8/1/2019,PFTrDA,123,,117,,,
OP76226,8/6/2019,PFTrDA,100,,103,,96,
OP76270,8/8/2019,PFTrDA,94,,111,,,
OP76335,8/13/2019,PFTrDA,115,,105,,,
OP76362,8/14/2019,PFTrDA,98,,103,,,
OP76445,8/20/2019,PFTrDA,103,,105,,101,
OP76488,8/22/2019,PFTrDA,112,,112,,,
OP76509,8/23/2019,PFTrDA,97,,113,,104,
OP76552,8/27/2019,PFTrDA,111,,186,*,,
OP76557,8/27/2019,PFTrDA,93,,139,,,
OP76557,8/27/2019,PFTrDA,105,,139,,,
OP76557,8/27/2019,PFTrDA,97,,139,,,
OP76557,8/27/2019,PFTrDA,99,,139,,,
OP76557,8/27/2019,PFTrDA,108,,139,,,
OP76574,8/28/2019,PFTrDA,92,,102,,105,
OP76674,9/5/2019,PFTrDA,97,,101,,,
OP76705,9/6/2019,PFTrDA,94,,,,,
OP76725,9/7/2019,PFTrDA,93,,101,,,
OP76756,9/10/2019,PFTrDA,93,,106,,,
OP76774,9/11/2019,PFTrDA,102,,99,,,
OP76785,9/11/2019,PFTrDA,99,,105,,,
OP76796,9/12/2019,PFTrDA,93,,92,,,
OP76840,9/14/2019,PFTrDA,92,,90,,,
OP76891,9/18/2019,PFTrDA,115,,83,,,
OP76891,9/18/2019,PFTrDA,115,,83,,,
OP76891,9/18/2019,PFTrDA,91,,83,,,
OP76891,9/18/2019,PFTrDA,91,,83,,,
OP76910,9/19/2019,PFTrDA,108,,103,,,
OP76916,9/19/2019,PFTrDA,95,,92,,,
OP76916,9/19/2019,PFTrDA,95,,92,,,
OP76964,9/24/2019,PFTrDA,100,,99,,,
OP76968,9/24/2019,PFTrDA,93,,86,,,
OP77080,10/1/2019,PFTrDA,106,,124,,,
OP77098,10/2/2019,PFTrDA,97,,106,,,
OP77131,10/3/2019,PFTrDA,96,,103,,111,
OP77167,10/5/2019,PFTrDA,89,,0,*,,
OP77185,10/8/2019,PFTrDA,89,,90,,,
OP77372,10/22/2019,PFTrDA,102,,107,,109,
OP77412,10/24/2019,PFTrDA,89,,101,,,
OP77412,10/24/2019,PFTrDA,89,,101,,,
OP77603,11/6/2019,PFTrDA,103,,109,,,
OP77751,11/19/2019,PFTrDA,98,,108,,,
OP77769,11/19/2019,PFTrDA,97,,104,,,
OP77971,12/4/2019,PFTrDA,95,,101,,,
OP77987,12/5/2019,PFTrDA,94,,105,,133,
OP78102,12/12/2019,PFTrDA,93,,,,,
OP78113,12/12/2019,PFTrDA,100,,127,,,
OP78208,12/18/2019,PFTrDA,102,,,,,
OP79239,3/4/2020,PFTrDA,108,,103,,,
OP79312,3/9/2020,PFTrDA,117,,122,,,
OP79327,3/10/2020,PFTrDA,98,,99,,,
OP79535,3/25/2020,PFTrDA,100,,103,,,
OP81003,7/9/2020,PFTrDA,108,,99,,,
OP81064,7/14/2020,PFTrDA,121,,159,*,166,*
OP81102,7/16/2020,PFTrDA,100,,95,,,
OP81172,7/21/2020,PFTrDA,97,,96,,,
OP81177,7/21/2020,PFTrDA,81,,97,,,
OP81187,7/22/2020,PFTrDA,96,,91,,,
OP81221,7/24/2020,PFTrDA,97,,90,,,
OP81402,8/4/2020,PFTrDA,100,,106,,107,
OP81420,8/5/2020,PFTrDA,99,,106,,,
OP81424,8/5/2020,PFTrDA,104,,98,,103,
OP81586,8/17/2020,PFTrDA,80,,79,,,
OP81601,8/18/2020,PFTrDA,105,,105,,,
OP81728,8/25/2020,PFTrDA,90,,96,,,
OP81836,9/1/2020,PFTrDA,107,,105,,,
OP81836,9/1/2020,PFTrDA,107,,105,,,
OP81970,9/11/2020,PFTrDA,85,,98,,,
OP81979,9/11/2020,PFTrDA,102,,110,,,
OP82061,9/17/2020,PFTrDA,93,,102,,,
OP82061,9/17/2020,PFTrDA,102,,102,,,
OP82061,9/17/2020,PFTrDA,102,,102,,,
OP82061,9/17/2020,PFTrDA,93,,102,,,
OP82229,9/29/2020,PFTrDA,92,,97,,,
OP75017,5/14/2019,PFUnA,106,,98,,,
OP75062,5/16/2019,PFUnA,103,,109,,,
OP75150,5/22/2019,PFUnA,107,,89,,,
OP75150,5/22/2019,PFUnA,107,,89,,,
OP75150,5/22/2019,PFUnA,107,,89,,,
OP75171,5/23/2019,PFUnA,98,,109,,,
OP75212,5/28/2019,PFUnA,115,,116,,,
OP75240,5/29/2019,PFUnA,96,,87,,,
OP75296,6/3/2019,PFUnA,101,,55,*,47,*
OP75356,6/7/2019,PFUnA,96,,87,,,
OP75408,6/11/2019,PFUnA,95,,100,,,
OP75416,6/12/2019,PFUnA,97,,98,,84,
OP75435,6/13/2019,PFUnA,90,,98,,,
OP75528,6/19/2019,PFUnA,95,,84,,,
OP75544,6/20/2019,PFUnA,98,,92,,,
OP75544,6/20/2019,PFUnA,98,,92,,,
OP75555,6/20/2019,PFUnA,92,,97,,,
OP75639,6/26/2019,PFUnA,99,,90,,,
OP75655,6/26/2019,PFUnA,110,,109,,,
OP75699,6/29/2019,PFUnA,91,,93,,,
OP75738,7/2/2019,PFUnA,94,,,,,
OP75769,7/5/2019,PFUnA,99,,89,,,
OP75792,7/8/2019,PFUnA,94,,87,,,
OP75844,7/10/2019,PFUnA,96,,88,,,
OP75862,7/11/2019,PFUnA,107,,103,,,
OP75894,7/15/2019,PFUnA,101,,104,,,
OP75989,7/19/2019,PFUnA,105,,102,,,
OP76027,7/23/2019,PFUnA,109,,117,,129,
OP76048,7/25/2019,PFUnA,101,,85,,,
OP76062,7/26/2019,PFUnA,99,,104,,104,
OP76155,8/1/2019,PFUnA,116,,113,,,
OP76226,8/6/2019,PFUnA,99,,103,,96,
OP76270,8/8/2019,PFUnA,99,,112,,,
OP76335,8/13/2019,PFUnA,105,,95,,,
OP76362,8/14/2019,PFUnA,104,,107,,,
OP76445,8/20/2019,PFUnA,101,,103,,94,
OP76488,8/22/2019,PFUnA,111,,106,,,
OP76509,8/23/2019,PFUnA,94,,104,,100,
OP76552,8/27/2019,PFUnA,111,,109,,,
OP76557,8/27/2019,PFUnA,93,,109,,,
OP76557,8/27/2019,PFUnA,104,,109,,,
OP76557,8/27/2019,PFUnA,101,,109,,,
OP76557,8/27/2019,PFUnA,98,,109,,,
OP76557,8/27/2019,PFUnA,100,,109,,,
OP76574,8/28/2019,PFUnA,87,,96,,97,
OP76674,9/5/2019,PFUnA,95,,97,,,
OP76705,9/6/2019,PFUnA,104,,,,,
OP76725,9/7/2019,PFUnA,91,,101,,,
OP76756,9/10/2019,PFUnA,89,,106,,,
OP76774,9/11/2019,PFUnA,96,,96,,,
OP76785,9/11/2019,PFUnA,99,,101,,,
OP76796,9/12/2019,PFUnA,97,,96,,,
OP76840,9/14/2019,PFUnA,88,,88,,,
OP76891,9/18/2019,PFUnA,96,,74,,,
OP76891,9/18/2019,PFUnA,98,,74,,,
OP76891,9/18/2019,PFUnA,96,,74,,,
OP76891,9/18/2019,PFUnA,98,,74,,,
OP76910,9/19/2019,PFUnA,94,,97,,,
OP76916,9/19/2019,PFUnA,88,,88,,,
OP76916,9/19/2019,PFUnA,88,,88,,,
OP76964,9/24/2019,PFUnA,98,,101,,,
OP76968,9/24/2019,PFUnA,103,,105,,,
OP77080,10/1/2019,PFUnA,105,,106,,,
OP77098,10/2/2019,PFUnA,96,,105,,,
OP77131,10/3/2019,PFUnA,96,,103,,104,
OP77167,10/5/2019,PFUnA,90,,0,*,,
OP77185,10/8/2019,PFUnA,89,,93,,,
OP77372,10/22/2019,PFUnA,98,,94,,96,
OP77412,10/24/2019,PFUnA,81,,84,,,
OP77412,10/24/2019,PFUnA,81,,84,,,
OP77603,11/6/2019,PFUnA,97,,101,,,
OP77751,11/19/2019,PFUnA,95,,104,,,
OP77769,11/19/2019,PFUnA,98,,105,,,
OP77971,12/4/2019,PFUnA,100,,102,,,
OP77987,12/5/2019,PFUnA,98,,102,,120,
OP78102,12/12/2019,PFUnA,98,,,,,
OP78113,12/12/2019,PFUnA,95,,104,,,
OP78208,12/18/2019,PFUnA,101,,,,,
OP79239,3/4/2020,PFUnA,97,,102,,,
OP79312,3/9/2020,PFUnA,98,,99,,,
OP79327,3/10/2020,PFUnA,95,,97,,,
OP79535,3/25/2020,PFUnA,96,,98,,,
OP81003,7/9/2020,PFUnA,97,,99,,,
OP81064,7/14/2020,PFUnA,97,,100,,104,
OP81102,7/16/2020,PFUnA,100,,102,,,
OP81172,7/21/2020,PFUnA,93,,93,,,
OP81177,7/21/2020,PFUnA,98,,100,,,
OP81187,7/22/2020,PFUnA,91,,88,,,
OP81221,7/24/2020,PFUnA,99,,96,,,
OP81402,8/4/2020,PFUnA,98,,100,,103,
OP81420,8/5/2020,PFUnA,104,,105,,,
OP81424,8/5/2020,PFUnA,100,,90,,98,
OP81586,8/17/2020,PFUnA,80,,76,,,
OP81601,8/18/2020,PFUnA,99,,98,,,
OP81728,8/25/2020,PFUnA,97,,101,,,
OP81836,9/1/2020,PFUnA,108,,106,,,
OP81836,9/1/2020,PFUnA,108,,106,,,
OP81970,9/11/2020,PFUnA,83,,101,,,
OP81979,9/11/2020,PFUnA,103,,105,,,
OP82061,9/17/2020,PFUnA,98,,100,,,
OP82061,9/17/2020,PFUnA,102,,100,,,
OP82061,9/17/2020,PFUnA,102,,100,,,
OP82061,9/17/2020,PFUnA,98,,100,,,
OP82229,9/29/2020,PFUnA,94,,96,,,
OP75017,5/14/2019,PFOSA,97,,89,,,
OP75062,5/16/2019,PFOSA,97,,100,,,
OP75150,5/22/2019,PFOSA,101,,89,,,
OP75150,5/22/2019,PFOSA,101,,89,,,
OP75150,5/22/2019,PFOSA,101,,89,,,
OP75171,5/23/2019,PFOSA,95,,104,,,
OP75212,5/28/2019,PFOSA,113,,118,,,
OP75240,5/29/2019,PFOSA,96,,89,,,
OP75296,6/3/2019,PFOSA,101,,54,*,48,*
OP75356,6/7/2019,PFOSA,97,,88,,,
OP75408,6/11/2019,PFOSA,98,,101,,,
OP75416,6/12/2019,PFOSA,99,,97,,86,
OP75435,6/13/2019,PFOSA,89,,95,,,
OP75528,6/19/2019,PFOSA,100,,90,,,
OP75544,6/20/2019,PFOSA,101,,93,,,
OP75544,6/20/2019,PFOSA,101,,93,,,
OP75555,6/20/2019,PFOSA,91,,95,,,
OP75639,6/26/2019,PFOSA,102,,93,,,
OP75655,6/26/2019,PFOSA,99,,107,,,
OP75699,6/29/2019,PFOSA,99,,101,,,
OP75738,7/2/2019,PFOSA,99,,,,,
OP75769,7/5/2019,PFOSA,100,,90,,,
OP75792,7/8/2019,PFOSA,98,,91,,,
OP75844,7/10/2019,PFOSA,97,,86,,,
OP75862,7/11/2019,PFOSA,101,,100,,,
OP75894,7/15/2019,PFOSA,101,,101,,,
OP75989,7/19/2019,PFOSA,98,,101,,,
OP76027,7/23/2019,PFOSA,104,,114,,110,
OP76048,7/25/2019,PFOSA,102,,90,,,
OP76062,7/26/2019,PFOSA,98,,105,,101,
OP76155,8/1/2019,PFOSA,107,,109,,,
OP76226,8/6/2019,PFOSA,99,,103,,97,
OP76270,8/8/2019,PFOSA,96,,104,,,
OP76335,8/13/2019,PFOSA,108,,98,,,
OP76362,8/14/2019,PFOSA,105,,108,,,
OP76445,8/20/2019,PFOSA,103,,104,,94,
OP76488,8/22/2019,PFOSA,111,,104,,,
OP76509,8/23/2019,PFOSA,91,,103,,99,
OP76552,8/27/2019,PFOSA,110,,109,,,
OP76557,8/27/2019,PFOSA,99,,105,,,
OP76557,8/27/2019,PFOSA,101,,105,,,
OP76557,8/27/2019,PFOSA,99,,105,,,
OP76557,8/27/2019,PFOSA,92,,105,,,
OP76557,8/27/2019,PFOSA,102,,105,,,
OP76574,8/28/2019,PFOSA,87,,95,,96,
OP76674,9/5/2019,PFOSA,96,,98,,,
OP76705,9/6/2019,PFOSA,103,,,,,
OP76725,9/7/2019,PFOSA,88,,95,,,
OP76756,9/10/2019,PFOSA,90,,102,,,
OP76774,9/11/2019,PFOSA,97,,94,,,
OP76785,9/11/2019,PFOSA,98,,103,,,
OP76796,9/12/2019,PFOSA,98,,97,,,
OP76840,9/14/2019,PFOSA,87,,90,,,
OP76891,9/18/2019,PFOSA,96,,0,*,,
OP76891,9/18/2019,PFOSA,100,,0,*,,
OP76891,9/18/2019,PFOSA,96,,0,*,,
OP76891,9/18/2019,PFOSA,100,,0,*,,
OP76910,9/19/2019,PFOSA,92,,97,,,
OP76916,9/19/2019,PFOSA,90,,89,,,
OP76916,9/19/2019,PFOSA,90,,89,,,
OP76964,9/24/2019,PFOSA,96,,99,,,
OP76968,9/24/2019,PFOSA,101,,103,,,
OP77080,10/1/2019,PFOSA,106,,109,,,
OP77098,10/2/2019,PFOSA,98,,107,,,
OP77131,10/3/2019,PFOSA,95,,102,,103,
OP77167,10/5/2019,PFOSA,87,,0,*,,
OP77185,10/8/2019,PFOSA,91,,95,,,
OP77372,10/22/2019,PFOSA,102,,98,,99,
OP77412,10/24/2019,PFOSA,81,,85,,,
OP77412,10/24/2019,PFOSA,81,,85,,,
OP77603,11/6/2019,PFOSA,101,,106,,,
OP77751,11/19/2019,PFOSA,90,,101,,,
OP77769,11/19/2019,PFOSA,95,,100,,,
OP77971,12/4/2019,PFOSA,99,,100,,,
OP77987,12/5/2019,PFOSA,98,,100,,111,
OP78102,12/12/2019,PFOSA,94,,,,,
OP78113,12/12/2019,PFOSA,91,,99,,,
OP78208,12/18/2019,PFOSA,101,,,,,
OP79239,3/4/2020,PFOSA,99,,99,,,
OP79312,3/9/2020,PFOSA,102,,103,,,
OP79327,3/10/2020,PFOSA,101,,102,,,
OP79535,3/25/2020,PFOSA,95,,99,,,
OP81003,7/9/2020,PFOSA,98,,100,,,
OP81064,7/14/2020,PFOSA,98,,104,,106,
OP81102,7/16/2020,PFOSA,97,,99,,,
OP81172,7/21/2020,PFOSA,95,,96,,,
OP81177,7/21/2020,PFOSA,99,,100,,,
OP81187,7/22/2020,PFOSA,93,,91,,,
OP81221,7/24/2020,PFOSA,99,,101,,,
OP81402,8/4/2020,PFOSA,96,,99,,98,
OP81420,8/5/2020,PFOSA,99,,105,,,
OP81424,8/5/2020,PFOSA,98,,94,,96,
OP81586,8/17/2020,PFOSA,84,,81,,,
OP81601,8/18/2020,PFOSA,97,,99,,,
OP81728,8/25/2020,PFOSA,94,,95,,,
OP81836,9/1/2020,PFOSA,110,,109,,,
OP81836,9/1/2020,PFOSA,110,,109,,,
OP81970,9/11/2020,PFOSA,85,,99,,,
OP81979,9/11/2020,PFOSA,102,,108,,,
OP82061,9/17/2020,PFOSA,100,,99,,,
OP82061,9/17/2020,PFOSA,100,,99,,,
OP82061,9/17/2020,PFOSA,92,,99,,,
OP82061,9/17/2020,PFOSA,92,,99,,,
OP82229,9/29/2020,PFOSA,98,,95,,,
